2.596267699439999688e-02,2.236244197560000035e-02,2.152336122600000123e-02,1.800674439999999307e-02,1.433090214000000417e-02,1.128868102080000067e-02,7.285613952600002163e-03,2.066650381200001423e-03,-5.349502582199999051e-03,-7.394714370599999621e-03,-9.476089443199999310e-03,-1.136985785759999854e-02,-1.229820256040000531e-02,-1.311759946719999632e-02,-1.306129460680000021e-02,-1.334243775600000084e-02,-1.472030635960000326e-02,-1.513290406259999894e-02,-1.559951785400000290e-02,-1.490379328599999477e-02,-1.442329406800000116e-02,-1.345146186180000251e-02,-1.228858946199999982e-02,-1.173507688759999751e-02,-1.184829713779999606e-02,-9.664230339999997990e-03,-8.466339083400000257e-03,-7.841339113400000449e-03,-7.160034182945997777e-03,-7.482147200319999927e-03,-7.233734111200000073e-03,-6.804351816200000097e-03,-7.079009998140000162e-03,-7.225265508799999341e-03,-7.367248528200000951e-03,-7.305374184599997510e-03,-6.921539338000002109e-03,-8.377914446999999709e-03,-8.669586157599998982e-03,-9.806137101200000997e-03,-1.146347045880000484e-02,-1.415679932460000602e-02,-2.015563962208000159e-02,-3.548957812199999423e-02,-5.146278380959998927e-02,-5.456176759479998417e-02,-5.081909144980002041e-02,-5.733161976200000509e-02
2.509185807400000565e-02,2.255325319199999803e-02,2.281623840760000840e-02,1.739212036600000164e-02,1.333885193200000027e-02,7.898483325399999894e-03,1.016693137999999169e-03,-7.441558777600000042e-03,-1.534843448399999394e-02,-1.975196838060000112e-02,-2.129730225599999957e-02,-2.250160224599999717e-02,-2.243797296800000354e-02,-2.241470339199999606e-02,-2.153633122599999186e-02,-2.096504210600000362e-02,-2.161964423999999246e-02,-2.253768919399999973e-02,-2.334449771399998638e-02,-2.289009092060000083e-02,-2.277816767380001425e-02,-2.118553161400000412e-02,-1.970054624600000096e-02,-1.873992923000000407e-02,-1.786537172800000198e-02,-1.468574521059999929e-02,-1.178161622800000252e-02,-1.051162722240000028e-02,-9.370880127339999491e-03,-8.909912146400000496e-03,-8.355484002780000016e-03,-7.543563867800000787e-03,-7.959594756159999590e-03,-8.577651981000000356e-03,-8.912353523200000280e-03,-8.896026618800002145e-03,-8.688201903199995260e-03,-9.602661108680000945e-03,-1.036621091899999833e-02,-1.098495482359999886e-02,-1.268928524240000091e-02,-1.491760256659999812e-02,-2.039619440700000258e-02,-3.808937076800001514e-02,-5.452796953700000254e-02,-5.994194007139998920e-02,-5.548744207919998478e-02,-6.335746791200000394e-02
2.720092769399998917e-02,2.431877132759999866e-02,2.336860651199999805e-02,1.876502996499999909e-02,1.231040952979999513e-02,2.373275776199999885e-03,-7.028274504199999613e-03,-1.624603271419999828e-02,-2.407981870960000659e-02,-2.869201663359999613e-02,-3.078445431600001017e-02,-3.179367074800000526e-02,-3.197570801199999674e-02,-3.159187320859999093e-02,-3.099304190799999359e-02,-3.067649849999999970e-02,-3.161445616000000541e-02,-3.246116640000000497e-02,-3.282745359999999363e-02,-3.270484927599999481e-02,-3.258834835399999907e-02,-3.071563715999999639e-02,-2.865242001399999350e-02,-2.637847904799999962e-02,-2.513725279600000084e-02,-2.142395024199999706e-02,-1.748619077059999916e-02,-1.523681638080000289e-02,-1.298255917604000491e-02,-1.205566407320000227e-02,-1.067321777299999608e-02,-9.550170941999999025e-03,-9.335861217199996689e-03,-9.598998999999996951e-03,-9.918060302000000772e-03,-9.960556004200000341e-03,-9.571228050799998957e-03,-1.041687013561999955e-02,-1.146720885155999743e-02,-1.330413819700000146e-02,-1.498771664980000189e-02,-1.760665889399999628e-02,-2.482734675690000462e-02,-4.485092165400002273e-02,-6.251876811119999600e-02,-6.915992713979998707e-02,-6.539543170040000575e-02,-7.429222156199999372e-02
3.007255565600001207e-02,2.688613891440000750e-02,2.617881778399999346e-02,2.133178722400000740e-02,1.278335576239999702e-02,6.660461154000004271e-04,-9.723892220000000461e-03,-2.127967838599999911e-02,-3.047073367439999403e-02,-3.615890506800000653e-02,-3.797973632600000482e-02,-3.894836426800000334e-02,-3.871917728600000885e-02,-3.812110902399999668e-02,-3.811294554000000528e-02,-3.742393495999998820e-02,-3.920021060000000029e-02,-4.053749080000002003e-02,-4.129844663999999999e-02,-4.174736025999999794e-02,-4.163246152000000394e-02,-3.947418216000000285e-02,-3.661376953999999351e-02,-3.432090758000000408e-02,-3.252159119999999820e-02,-2.797279362599999764e-02,-2.338706964799999038e-02,-2.015304561799999977e-02,-1.694755557699999943e-02,-1.522064206200000533e-02,-1.330055238139999513e-02,-1.173294070019999941e-02,-1.123146055160000045e-02,-1.141899103740000136e-02,-1.193878174919999792e-02,-1.183586120479999775e-02,-1.147834781516000012e-02,-1.241157529967999718e-02,-1.406410215999999783e-02,-1.593864440719999429e-02,-1.754913329840000064e-02,-2.039794922999999677e-02,-2.805877682540000584e-02,-5.201637299800000031e-02,-7.113319346200000504e-02,-7.910995429599999851e-02,-7.583503722200000963e-02,-8.545692462200001061e-02
3.617935188599998714e-02,3.299308738999999491e-02,3.046295173200000775e-02,2.292793253200000117e-02,1.071662914459999699e-02,-4.398269652000000654e-03,-1.769386301580000084e-02,-3.049858090400000762e-02,-4.113288876000000677e-02,-4.887557981200000429e-02,-5.222686771799999600e-02,-5.334640504000000977e-02,-5.348129278000000181e-02,-5.352005010000000784e-02,-5.321769715999997985e-02,-5.247077944000001770e-02,-5.392860413999997493e-02,-5.460044866000002273e-02,-5.437759398000002742e-02,-5.398902893999999592e-02,-5.376831054000000970e-02,-5.159881591999999906e-02,-4.862930294000000764e-02,-4.648925779999999591e-02,-4.427177419999998864e-02,-3.941459657999999561e-02,-3.463340762000000073e-02,-3.109611505999999512e-02,-2.718910213199999745e-02,-2.505989069800000982e-02,-2.228347785600000297e-02,-2.062973017800000947e-02,-1.946334843800000269e-02,-1.867706302879999780e-02,-1.962120063040000140e-02,-1.985183713799999750e-02,-1.976654049719999903e-02,-2.143463135400000205e-02,-2.312362667219999834e-02,-2.520065304400000497e-02,-2.749465941199999430e-02,-2.963050841199999300e-02,-3.763366711600001774e-02,-6.462028500999998648e-02,-8.805755632000000777e-02,-9.656990072199998776e-02,-9.401374817600004208e-02,-1.039159393199999698e-01
3.811409009999998376e-02,3.444046013999999684e-02,3.105323773920000419e-02,2.194038382080000169e-02,8.260879545999999171e-03,-9.534072890399997863e-03,-2.723052972779999373e-02,-4.375206001000000317e-02,-5.705253621119998897e-02,-6.862640374000003596e-02,-7.473594660000003331e-02,-7.702133175999999193e-02,-7.850585943999999206e-02,-7.710350031999999021e-02,-7.814926145999998019e-02,-7.533370973999999054e-02,-7.541664139999999794e-02,-7.530456548000000194e-02,-7.548439024000000441e-02,-7.539764404000000309e-02,-7.386436470000000420e-02,-7.179656989999999572e-02,-6.915237440000003566e-02,-6.594505299999998960e-02,-6.190971374000001082e-02,-5.637870785999999496e-02,-5.048080446000000054e-02,-4.649635321999998766e-02,-4.192298895999999747e-02,-3.823974606000000304e-02,-3.418136595199999794e-02,-3.061210628400000411e-02,-2.881889343999999298e-02,-2.750022890720000418e-02,-2.707748415600000347e-02,-2.562538145200000603e-02,-2.528900148999999042e-02,-2.649948120260000803e-02,-2.952323913859998539e-02,-3.207901000200000241e-02,-3.424461360600000726e-02,-3.790863030800000616e-02,-4.807281494000000682e-02,-8.160858137999998929e-02,-1.098625945600000264e-01,-1.238329313200000337e-01,-1.243226626559999770e-01,-1.371454619180000056e-01
3.862129172719999670e-02,3.435844434220000632e-02,2.912948588799998961e-02,1.851791369800000198e-02,1.989593559459998731e-03,-1.786140428339999878e-02,-3.864257812799999636e-02,-5.682952877800000885e-02,-6.974777237719999301e-02,-8.120040879999997074e-02,-8.751914974000002401e-02,-9.263404815999999597e-02,-9.509040858000002150e-02,-9.595733651999999170e-02,-9.856483469999999247e-02,-9.747085576000000251e-02,-9.865776085999997114e-02,-9.866683966000000527e-02,-9.790329008000002442e-02,-9.699592573999998857e-02,-9.462844834000000427e-02,-9.154838572000001395e-02,-8.701568626000001638e-02,-8.185485837999996461e-02,-7.677062968000000764e-02,-7.143913261999999820e-02,-6.505950915999998696e-02,-6.015579222000001086e-02,-5.485244754000001555e-02,-5.027244569999999441e-02,-4.483268738000001363e-02,-4.069885251999999509e-02,-3.766326903999999559e-02,-3.565765384000000454e-02,-3.444030756599999327e-02,-3.350898741799999969e-02,-3.304679875399999661e-02,-3.424324033400000244e-02,-3.759643551600001105e-02,-4.048652652000001018e-02,-4.301071161799999154e-02,-4.753707897399998134e-02,-5.992111202000000025e-02,-9.720176677999997628e-02,-1.298039248399999457e-01,-1.465570831000000129e-01,-1.489698796799999725e-01,-1.623141478799999815e-01
4.375007634860000882e-02,3.750747686200000403e-02,3.056358338400000027e-02,1.739898675999999866e-02,-1.377334516000001214e-03,-2.423149094659999767e-02,-4.657669071000001410e-02,-6.548324595800000814e-02,-7.900474567599999332e-02,-9.048339858000002678e-02,-9.676010099999995950e-02,-1.014821625200000160e-01,-1.046643066400000099e-01,-1.068914032000000125e-01,-1.102639769200000341e-01,-1.094058229200000204e-01,-1.103797149800000293e-01,-1.106265255000000169e-01,-1.097951505800000283e-01,-1.082373053200000323e-01,-1.056631467999999963e-01,-1.026730349200000170e-01,-9.805206271999999945e-02,-9.296432471999999114e-02,-8.797195453999996639e-02,-8.328926071999998015e-02,-7.689056394000001737e-02,-7.033744811999997903e-02,-6.476074222000000047e-02,-6.020538335999999630e-02,-5.458847047999997038e-02,-5.020629887000001984e-02,-4.720787049999998486e-02,-4.522209167999999974e-02,-4.445098869999999924e-02,-4.372116090000000704e-02,-4.371208199999999933e-02,-4.362426760000000930e-02,-4.680068958000000584e-02,-4.974708549999999618e-02,-5.223342901999997873e-02,-5.754333493999998911e-02,-7.219619766000001659e-02,-1.135233309800000034e-01,-1.500270840200000066e-01,-1.701002503399999533e-01,-1.758605952800000316e-01,-1.905737307799999503e-01
4.760787921000000228e-02,4.039016701119997610e-02,3.146965046240000896e-02,1.638648987399999798e-02,-5.160522338000001971e-03,-3.081169132199999827e-02,-5.446662906800000398e-02,-7.395141604000002311e-02,-8.812095621999999073e-02,-1.000406650000000008e-01,-1.070204160400000104e-01,-1.127552034399999653e-01,-1.165782929200000068e-01,-1.181259924999999850e-01,-1.205815127400000075e-01,-1.192754366400000099e-01,-1.198010248999999972e-01,-1.198944851799999822e-01,-1.187159725999999971e-01,-1.167821493799999777e-01,-1.140869136800000128e-01,-1.119578557999999918e-01,-1.073630524600000108e-01,-1.026418304799999737e-01,-9.829689032000001048e-02,-9.447364748000001977e-02,-8.875785804000001222e-02,-8.299926779999999837e-02,-7.733192439999998780e-02,-7.299583433999999593e-02,-6.722114562000000570e-02,-6.291336054000001843e-02,-5.919990539999998858e-02,-5.705657964000000054e-02,-5.594818117999999368e-02,-5.465560911999999688e-02,-5.352287294000000750e-02,-5.297035212000000132e-02,-5.534248351999999926e-02,-5.760047912000001297e-02,-5.999420179999999381e-02,-6.769485477999999390e-02,-8.515373244000000452e-02,-1.310679618800000279e-01,-1.729119879999999609e-01,-1.973844914599999223e-01,-2.069908142799999629e-01,-2.234092715599999557e-01
5.045806879400001332e-02,4.161361688200001380e-02,3.086959840799999646e-02,1.391578685399999342e-02,-9.203567642200000815e-03,-3.422561632460000003e-02,-5.857070916000001182e-02,-7.867629970000002138e-02,-9.348793036000001277e-02,-1.063114939000000259e-01,-1.144367215799999976e-01,-1.213175966399999833e-01,-1.255252839800000408e-01,-1.274807742599999572e-01,-1.311128227399999957e-01,-1.297438817399999833e-01,-1.293106847000000947e-01,-1.280702971000000079e-01,-1.275341807200000011e-01,-1.249171447400000134e-01,-1.222884370199999737e-01,-1.189295189600000358e-01,-1.143541710399999939e-01,-1.107069397200000499e-01,-1.069146722999999854e-01,-1.032329561399999707e-01,-9.850303651999996191e-02,-9.383666979999999436e-02,-8.962142925999999621e-02,-8.565277096000001311e-02,-7.990241997999998624e-02,-7.528457643999998672e-02,-7.153831475999999912e-02,-6.859260550000001455e-02,-6.657127375999999375e-02,-6.409896856000001086e-02,-6.353858943999997344e-02,-6.323242188000000041e-02,-6.435577392000001173e-02,-6.576469424000000452e-02,-6.841247569999998890e-02,-7.774604824000000414e-02,-9.889778136000000608e-02,-1.475637817999999879e-01,-1.963564304000000038e-01,-2.265829465800000275e-01,-2.397953033999999928e-01,-2.216127019999999948e-01
5.312843318000001758e-02,4.251754773599998594e-02,2.945617674000000283e-02,1.147903442199999825e-02,-1.282676697219999919e-02,-3.810409546839998995e-02,-6.403251643799999504e-02,-8.468429582000000511e-02,-9.902351419999996796e-02,-1.128147890600000036e-01,-1.219353480400000161e-01,-1.297867586600000012e-01,-1.345643614400000576e-01,-1.370844269200000298e-01,-1.400935361000000268e-01,-1.389028172200000577e-01,-1.382461554200000442e-01,-1.369739535199999969e-01,-1.360277558000000386e-01,-1.332916262400000162e-01,-1.311822509999999720e-01,-1.282236474600000065e-01,-1.230902866399999906e-01,-1.193867493800000040e-01,-1.161749268399999979e-01,-1.131696320800000127e-01,-1.093659976800000072e-01,-1.060137938599999968e-01,-1.021582031800000040e-01,-9.788230908000000730e-02,-9.177909889999998072e-02,-8.799102751999997307e-02,-8.310104363999998300e-02,-7.998908983999998557e-02,-7.707290665999998180e-02,-7.487808211999999464e-02,-7.366966233999999725e-02,-7.229179401999996646e-02,-7.308502204000001667e-02,-7.356155414000002668e-02,-7.605445869999997999e-02,-8.643180816000002598e-02,-1.137722011999999921e-01,-1.650376134200000067e-01,-2.195623780000000302e-01,-2.575250240000000468e-01,-2.754882050000000970e-01,-3.038894654000000584e-01
5.390960700999998523e-02,4.162460341400001096e-02,2.652359005000001768e-02,7.298812830500001243e-03,-1.846275329999999548e-02,-4.400711047799999581e-02,-7.021644635399998391e-02,-9.048416125999997339e-02,-1.063059997800000073e-01,-1.204775236600000160e-01,-1.303560633799999702e-01,-1.389700315800000141e-01,-1.437181086400000085e-01,-1.462989040200000368e-01,-1.491264341800000448e-01,-1.477764127999999788e-01,-1.458200074200000085e-01,-1.445030977400000027e-01,-1.431284327800000089e-01,-1.399311062599999933e-01,-1.367977143999999645e-01,-1.342990879999999554e-01,-1.302368158799999953e-01,-1.272048951200000499e-01,-1.243978879800000242e-01,-1.223226174600000049e-01,-1.187557982999999928e-01,-1.156082151600000135e-01,-1.125796497199999940e-01,-1.072605133599999899e-01,-1.017966464599999732e-01,-9.717079193999998699e-02,-9.228637700000000277e-02,-8.971069362000000380e-02,-8.700324992000002533e-02,-8.528999312000000443e-02,-8.449272158000001309e-02,-8.365913389999998784e-02,-8.405227666000003595e-02,-8.433029168000000242e-02,-8.623084997999999612e-02,-9.893989544000002245e-02,-1.307491307800000280e-01,-1.839933779400000358e-01,-2.430289457999999791e-01,-2.867575070000000781e-01,-3.102016453999999479e-01,-2.200524142000000183e-01
5.377723659080000523e-02,4.002388000800000123e-02,2.544784538400000559e-02,5.944366400600000627e-03,-2.065071104400000024e-02,-4.616813671520000883e-02,-7.202430729799998155e-02,-9.300804129999998282e-02,-1.104390723799999890e-01,-1.256700136599999962e-01,-1.356665797600000445e-01,-1.455082715000000082e-01,-1.504158022000000317e-01,-1.530325315799999919e-01,-1.554264071199999986e-01,-1.551203920000000236e-01,-1.523274994000000104e-01,-1.511392974199999850e-01,-1.492446138800000155e-01,-1.455823508000000099e-01,-1.436585999799999958e-01,-1.412375641999999709e-01,-1.371093750000000611e-01,-1.344799046199999515e-01,-1.314266966400000347e-01,-1.298534391400000265e-01,-1.260092925400000119e-01,-1.225197599199999293e-01,-1.194449614800000281e-01,-1.156520845999999964e-01,-1.117243187999999998e-01,-1.081977079600000557e-01,-1.036803437799999894e-01,-1.016394800799999831e-01,-9.895751930000001861e-02,-9.843513512000001686e-02,-9.619911219999999208e-02,-9.522735592000000637e-02,-9.471519466000001553e-02,-9.429031416000001331e-02,-9.705116267999999713e-02,-1.125913241000000148e-01,-1.473802946799999958e-01,-2.044199374600000063e-01,-2.715966028000000310e-01,-3.211556244000000060e-01,-3.092300412000000276e-01,-1.076807394000000306e-01
5.562705987600000818e-02,3.981567401060000233e-02,2.392738357000000204e-02,3.529205326000000101e-03,-2.297225964799999923e-02,-4.866920463799998681e-02,-7.543746961999998890e-02,-9.660301199999998811e-02,-1.152106482000000431e-01,-1.309144599399999775e-01,-1.419595336000000207e-01,-1.522409056799999272e-01,-1.566722873999999710e-01,-1.600500493800000035e-01,-1.625498194800000240e-01,-1.617127992000000070e-01,-1.598862447999999659e-01,-1.587639617800000180e-01,-1.571475227599999913e-01,-1.527216344000000003e-01,-1.503793336000000258e-01,-1.468580626000000056e-01,-1.428052523999999990e-01,-1.400601196800000392e-01,-1.372720337799999968e-01,-1.357827759200000706e-01,-1.319218448599999705e-01,-1.295114906400000321e-01,-1.267524719000000244e-01,-1.243443299400000118e-01,-1.212787634800000236e-01,-1.181807701599999899e-01,-1.153269194200000070e-01,-1.134976192999999633e-01,-1.103266910799999834e-01,-1.094815825400000109e-01,-1.069248966599999351e-01,-1.065458683799999778e-01,-1.059477996200000049e-01,-1.050027464200000149e-01,-1.088689419800000086e-01,-1.255307002000000116e-01,-1.639156344999999904e-01,-2.232734680000001137e-01,-2.984957883999999617e-01,-1.987702945999999526e-01,-1.960771171999999840e-01,1.131240845999999800e-01
5.138237004599999908e-02,3.487319939199999552e-02,1.843353282240000474e-02,-3.872681399999985930e-04,-2.723777760479999949e-02,-5.135261531999998907e-02,-7.794677717799998462e-02,-9.976867629999999765e-02,-1.184409335800000324e-01,-1.350176234200000103e-01,-1.464266972400000422e-01,-1.571592711599999748e-01,-1.623990627999999659e-01,-1.663895420000000014e-01,-1.687221522000000029e-01,-1.678707127999999882e-01,-1.670275113999999950e-01,-1.658171081999999519e-01,-1.633990482000000077e-01,-1.590647127999999799e-01,-1.573255923999999639e-01,-1.538252262000000259e-01,-1.503243252600000024e-01,-1.472675323999999841e-01,-1.456266025999999880e-01,-1.441812129999999748e-01,-1.406267552400000398e-01,-1.389181513999999951e-01,-1.372241981999999805e-01,-1.342062380599999827e-01,-1.300753779999999638e-01,-1.272976688000000411e-01,-1.235934449600000207e-01,-1.212351225399999621e-01,-1.169869996199999901e-01,-1.163708499600000085e-01,-1.132510378600000006e-01,-1.144551859399999955e-01,-1.148021698199999940e-01,-1.155583951200000042e-01,-1.217398838200000055e-01,-1.417202754199999581e-01,-1.830489344999999823e-01,-2.485986325999999802e-01,-2.896957402000001069e-01,-2.332780016326530814e-01,-3.399642836734693974e-02,3.705639639999999679e-01
4.724975584240000137e-02,3.010574362459999750e-02,1.423492424610999646e-02,-5.094299295999999734e-03,-3.097106938559999675e-02,-5.535308844220001440e-02,-8.155426021999997999e-02,-1.019438935999999879e-01,-1.203258520199999848e-01,-1.378663628999999835e-01,-1.489822394000000216e-01,-1.595932003999999960e-01,-1.658373259400000299e-01,-1.699517055600000548e-01,-1.729305274000000059e-01,-1.735459908000000218e-01,-1.740111540000000567e-01,-1.726557928000000131e-01,-1.699962621999999979e-01,-1.669345092000000808e-01,-1.661695861999999968e-01,-1.627953337999999972e-01,-1.592792511999999994e-01,-1.569949345999999690e-01,-1.540909576000000225e-01,-1.522505181999999624e-01,-1.479526521999999789e-01,-1.454881288000000328e-01,-1.445462800000000270e-01,-1.411952210600000146e-01,-1.380606849999999886e-01,-1.359055329999999673e-01,-1.330712892000000258e-01,-1.314914704000000045e-01,-1.276070407999999323e-01,-1.264865875199999989e-01,-1.243418115200000257e-01,-1.256216432800000282e-01,-1.247396844799999877e-01,-1.251161959199999785e-01,-1.342859655200000224e-01,-1.569256589000000146e-01,-2.047512056399999614e-01,-2.741828915999999783e-01,-2.400366342857143398e-01,-2.501352291666666949e-02,2.878681833333333606e-01,6.845587144897957721e-01
4.271232594999999771e-02,2.552734371139999542e-02,1.114364630819999688e-02,-7.671814058599998008e-03,-3.564361584039999614e-02,-5.942298877799997991e-02,-8.369491589999997205e-02,-1.048399350200000107e-01,-1.236575317600000223e-01,-1.413091284399999592e-01,-1.530926511399999523e-01,-1.631882473200000072e-01,-1.709014126000000244e-01,-1.752743531999999826e-01,-1.779617306000000343e-01,-1.801239775999999848e-01,-1.800608063999999675e-01,-1.799663543999999726e-01,-1.772061158000000081e-01,-1.743998720000001224e-01,-1.739385219999999843e-01,-1.691643524000000232e-01,-1.668833158000000427e-01,-1.639382933999999903e-01,-1.607049564000000152e-01,-1.583802037999999801e-01,-1.540701296000000220e-01,-1.524713898000000512e-01,-1.509342958000000345e-01,-1.475657656000000373e-01,-1.448432162000000412e-01,-1.429971316000000214e-01,-1.389218142000000211e-01,-1.382373812000000368e-01,-1.338992309400000302e-01,-1.335699460800000016e-01,-1.317497244999999984e-01,-1.336273960000000094e-01,-1.344675447000000246e-01,-1.350616457399999581e-01,-1.476827243000000123e-01,-1.775190740199999728e-01,-2.268305204999999936e-01,-2.984975437999999870e-01,-1.512224642857142864e-01,1.797748399999999913e-01,4.039245299999999483e-01,8.337941848979593118e-01
4.276008609799999971e-02,2.468376145559999374e-02,1.139938343120000010e-02,-7.429809505999998738e-03,-3.376853940420000005e-02,-5.723144516399998605e-02,-8.274658250799996062e-02,-1.053726197199999770e-01,-1.237668609199999992e-01,-1.429129023999999581e-01,-1.562477871999999879e-01,-1.671092989999999889e-01,-1.751391601999999215e-01,-1.797615811999999369e-01,-1.832655335999999469e-01,-1.853189849999999639e-01,-1.852813718000000387e-01,-1.856435389999999963e-01,-1.831267550000000022e-01,-1.807736969999999832e-01,-1.810369871999999714e-01,-1.776072694000000174e-01,-1.752639002000000168e-01,-1.721437832000000390e-01,-1.684178164000000033e-01,-1.662689207999999974e-01,-1.610157779999999983e-01,-1.580023955999999841e-01,-1.558006284000000297e-01,-1.527085109999999912e-01,-1.506354525999999694e-01,-1.498615269999999944e-01,-1.455347439999999382e-01,-1.453539279999999656e-01,-1.410747530000000249e-01,-1.415045158600000408e-01,-1.393930804599999851e-01,-1.419755552599999693e-01,-1.441155247400000006e-01,-1.482467651600000436e-01,-1.641461184399999884e-01,-1.999837488000000274e-01,-2.530107112000000158e-01,-2.839300979591836138e-01,-8.125553934782607512e-02,5.996055623913043586e-01,9.343414343181819515e-01,1.123895012916666492e+00
2.929725632400000807e-02,1.548698428399999417e-02,4.310302683999998365e-03,-1.254592891648000259e-02,-3.632926950940001259e-02,-5.987457287440002551e-02,-8.304519611799998646e-02,-1.070482636799999915e-01,-1.240885926000000472e-01,-1.425157161600000555e-01,-1.560501855999999743e-01,-1.684782407999999843e-01,-1.778710937999999631e-01,-1.833515170000000194e-01,-1.875028991999999894e-01,-1.905697629999999754e-01,-1.920726772000000138e-01,-1.921077730000000094e-01,-1.903131111999999403e-01,-1.894944766000000169e-01,-1.892941281999999947e-01,-1.867058560000000311e-01,-1.845532991999999650e-01,-1.811209112000000121e-01,-1.777497100000000052e-01,-1.738906098000000122e-01,-1.689075463999999971e-01,-1.652373505999999992e-01,-1.625196086000000040e-01,-1.594553379999999743e-01,-1.572077184000000294e-01,-1.559136963999999681e-01,-1.507270807999999684e-01,-1.508226015999999670e-01,-1.471455386000000143e-01,-1.457270812000000249e-01,-1.436251834200000244e-01,-1.458383189399999891e-01,-1.493952173199999678e-01,-1.560959619399999720e-01,-1.755046839999999664e-01,-2.138793326530612493e-01,-2.713944573469387334e-01,-2.682358437500000359e-01,2.424074823809524160e-01,7.775093418181818761e-01,1.118705941951219307e+00,1.172045440425532270e+00
2.650466921020000477e-02,1.156631457220000554e-02,1.863632237999999965e-03,-1.374542234979999993e-02,-3.680183401400000109e-02,-6.065483084200001124e-02,-8.294097880000000922e-02,-1.046482085200000078e-01,-1.220895391800000118e-01,-1.408697509799999303e-01,-1.559930421400000100e-01,-1.692195136000000377e-01,-1.809335326000000022e-01,-1.870022584000000931e-01,-1.930066682000000367e-01,-1.961608884000000386e-01,-1.979993443400000774e-01,-1.974018860000000264e-01,-1.953900912000000323e-01,-1.945118706000000530e-01,-1.945635984000000374e-01,-1.921401214000000579e-01,-1.907950593999999389e-01,-1.872367862000000605e-01,-1.845828243999999563e-01,-1.803450015999999712e-01,-1.753858946000000085e-01,-1.717904663999999804e-01,-1.682443240000000007e-01,-1.646437829999999602e-01,-1.624811555999999824e-01,-1.607814029999999894e-01,-1.552919003999999603e-01,-1.552596286000000325e-01,-1.511484533999999935e-01,-1.487949372000000325e-01,-1.473248290399999938e-01,-1.494528199799999568e-01,-1.530794529400000270e-01,-1.622297665999999916e-01,-1.841008706734694189e-01,-2.294128563265306064e-01,-2.118674300000000510e-01,-2.538954544680850356e-01,4.138273834146341534e-01,7.734354389189188606e-01,1.160106451428571717e+00,1.190271958260869178e+00
2.298744195199999354e-02,8.564376865999999422e-03,-1.055906981999987088e-04,-1.445373533539999998e-02,-3.625900262339998986e-02,-6.094192504599999644e-02,-8.321556094000000237e-02,-1.070745844600000107e-01,-1.233805851800000575e-01,-1.415593715600000080e-01,-1.578023526000000010e-01,-1.719736477999999347e-01,-1.844799041999999889e-01,-1.905059049999999476e-01,-1.965294648000000532e-01,-2.008367158000000652e-01,-2.031222530000000581e-01,-2.008656305999999836e-01,-1.998083503999999455e-01,-1.992993165999999428e-01,-1.991619109999999970e-01,-1.971477513999999598e-01,-1.954116818000000699e-01,-1.933023071999999953e-01,-1.899543760000000636e-01,-1.868094633999999865e-01,-1.815806575999999173e-01,-1.771990959999999726e-01,-1.736817167999999967e-01,-1.697888188000000742e-01,-1.663038627999999519e-01,-1.638059238000000306e-01,-1.576309205999999741e-01,-1.568137356000000038e-01,-1.531953432000000559e-01,-1.505190284000000045e-01,-1.484337619199999903e-01,-1.524280545999999736e-01,-1.576434323200000265e-01,-1.700690458800000193e-01,-1.959786706122449151e-01,-2.499279106122448690e-01,-2.712917729787234777e-01,-2.363924684444444202e-01,5.948152502500000383e-01,9.735146636111111640e-01,9.970631530303029066e-01,1.128850981162790923e+00
2.012329100499999843e-02,6.701965260000002263e-03,-3.341598561800000495e-03,-1.699043275199999675e-02,-3.848068242640000081e-02,-6.388465905800000399e-02,-8.550872818000002096e-02,-1.089690396800000044e-01,-1.256414786800000016e-01,-1.429155734999999761e-01,-1.590873720000000324e-01,-1.729025270000000003e-01,-1.855233005999999962e-01,-1.924853508000000379e-01,-1.988377380000000416e-01,-2.048941038000000325e-01,-2.075697328000000452e-01,-2.056170655999998986e-01,-2.047019965999999913e-01,-2.046678926000000120e-01,-2.036615752000000279e-01,-2.010910798000000166e-01,-1.998649595999999473e-01,-1.981838986000000746e-01,-1.936637117999999158e-01,-1.895452882000000505e-01,-1.836116788000000388e-01,-1.808789823999999991e-01,-1.752244574000000332e-01,-1.701782991999999939e-01,-1.672043606000000460e-01,-1.656571964000000119e-01,-1.606454472000000411e-01,-1.601425173999999896e-01,-1.582881165999999729e-01,-1.559873192000000020e-01,-1.551885987200000150e-01,-1.580454256000000113e-01,-1.638822937999999951e-01,-1.786803438200000593e-01,-2.116460210204081649e-01,-2.702318306122448166e-01,-2.604075252083333236e-01,1.643741242857142959e-01,7.027887628571428680e-01,9.487156672727271589e-01,9.795234993103447696e-01,1.099667125581395011e+00
1.050407404500000065e-02,-1.392669581599999522e-03,-1.012977608000000147e-02,-2.237998953600000770e-02,-4.219612135559998312e-02,-6.546630867599999293e-02,-8.714210499999999748e-02,-1.109351348599999926e-01,-1.279834743200000124e-01,-1.448861694599999916e-01,-1.627323153800000199e-01,-1.772512821999999710e-01,-1.886653131999999622e-01,-1.955178068000000269e-01,-2.028684238000000306e-01,-2.086696625999999721e-01,-2.119329073999999535e-01,-2.104884338000000688e-01,-2.083284764000000178e-01,-2.078277589999999730e-01,-2.063772581999999967e-01,-2.038732908000000510e-01,-2.022499849999999932e-01,-2.009120175999999924e-01,-1.974390418000000202e-01,-1.928676595999999910e-01,-1.859790037999999590e-01,-1.827136996000000568e-01,-1.749511714000000218e-01,-1.701889038000000132e-01,-1.665676884000000246e-01,-1.650414277999999457e-01,-1.625711827999999914e-01,-1.600172424000000093e-01,-1.585971835999999968e-01,-1.585805517999999970e-01,-1.597879792999999937e-01,-1.631780245999999990e-01,-1.699555209000000455e-01,-1.888584141200000399e-01,-2.337013240000000158e-01,-2.966940742857142599e-01,-1.924003593333333817e-01,5.269784182051281407e-01,8.563931002857145813e-01,8.560763631250001282e-01,1.181987170384615649e+00,1.092874428684210475e+00
2.770690865199997282e-03,-9.027175783000000037e-03,-1.725830096800000032e-02,-2.982048061399999658e-02,-4.954063389599999007e-02,-7.364418070799999549e-02,-9.405700696000003636e-02,-1.154930880199999677e-01,-1.324308778399999886e-01,-1.476215370200000543e-01,-1.638880158200000381e-01,-1.791571812000000152e-01,-1.888961029999999819e-01,-1.967886358000000280e-01,-2.036476128000000718e-01,-2.094992827999999363e-01,-2.121562959999998832e-01,-2.113314054000000330e-01,-2.106245421999999867e-01,-2.105532839999999795e-01,-2.092728420000000145e-01,-2.083905032000000213e-01,-2.062743381999999903e-01,-2.053326413999999878e-01,-2.002190403999999924e-01,-1.959838861999999571e-01,-1.897599033999999574e-01,-1.844793703999998979e-01,-1.778152468000000486e-01,-1.736592107999999912e-01,-1.695691679999999368e-01,-1.670513918000000042e-01,-1.644090271999999742e-01,-1.604747004000000032e-01,-1.600705720000000221e-01,-1.588356778000000469e-01,-1.607135003999999867e-01,-1.651879886199999758e-01,-1.732756036399999977e-01,-1.956398003999999802e-01,-2.421072389999999463e-01,-2.667638804081632897e-01,-1.142754990909090745e-01,4.794669934210526452e-01,8.757880918750000632e-01,9.221277961538461021e-01,1.197800844347826299e+00,1.095443188285714298e+00
-2.824935903999998763e-03,-1.356048570040000248e-02,-2.347328181200000058e-02,-3.652763363690000181e-02,-5.531318675600000595e-02,-7.957298285000000138e-02,-1.005400086799999870e-01,-1.213406368600000312e-01,-1.374397279600000077e-01,-1.519812011199999924e-01,-1.675183099199999415e-01,-1.820843509999999499e-01,-1.902804567999999696e-01,-1.986540219999999857e-01,-2.051651766000000265e-01,-2.107742313999999562e-01,-2.126591494000000249e-01,-2.130891416000000038e-01,-2.127030182000000103e-01,-2.112195587999998736e-01,-2.102352141999999924e-01,-2.101348111999999935e-01,-2.071568306000000359e-01,-2.066416935999999815e-01,-2.009440616000000568e-01,-1.962834927999999868e-01,-1.886151125999999678e-01,-1.827129361999999813e-01,-1.767324066000000027e-01,-1.714649963999999860e-01,-1.670051580000000147e-01,-1.656915277999999880e-01,-1.654265600000000003e-01,-1.623945622000000366e-01,-1.641701510000000697e-01,-1.622777553599999978e-01,-1.650861362999999638e-01,-1.686810301000000178e-01,-1.773188780799999920e-01,-2.017337793600000040e-01,-2.524752808000000903e-01,-2.513059220000000149e-01,-5.020693181817765605e-04,6.128152367567568648e-01,8.432395940000001477e-01,8.214004280769231503e-01,1.084217065999999674e+00,1.089385151250000128e+00
-4.762115367999998454e-03,-1.861091612880000010e-02,-3.076087921600000052e-02,-4.269958477999999391e-02,-6.454460132619999069e-02,-9.029052682799999785e-02,-1.096081539800000115e-01,-1.284305568799999908e-01,-1.447718053999999810e-01,-1.590673056999999946e-01,-1.720070638000000818e-01,-1.864268495999999997e-01,-1.939597316000000460e-01,-2.013858793999999675e-01,-2.066118623999999571e-01,-2.107279975999999944e-01,-2.107000739999999872e-01,-2.101680756000000039e-01,-2.109597014000000603e-01,-2.096904752000000594e-01,-2.084441374000000347e-01,-2.077814491999999957e-01,-2.054042054000000672e-01,-2.035674287999999776e-01,-1.980255123999999922e-01,-1.953048707999999190e-01,-1.870408629999999739e-01,-1.815776825999999289e-01,-1.752810666000000350e-01,-1.708787534000000274e-01,-1.661324308000000083e-01,-1.626278683999999586e-01,-1.636476899999999568e-01,-1.618155668000000047e-01,-1.633213811599999454e-01,-1.626258850400000011e-01,-1.657353971999999953e-01,-1.719469449399999572e-01,-1.835543825400000051e-01,-2.097827138400001346e-01,-2.205710612000000015e-01,-1.476711276000000073e-01,7.692842418604646515e-02,7.061459381578947259e-01,7.694633782758620866e-01,9.060756100000001423e-01,1.095827531111111197e+00,9.670608021875001237e-01
-6.889419473600002890e-03,-1.914917016660000124e-02,-3.236152648139999782e-02,-4.586761495399999111e-02,-6.856094398660000921e-02,-9.512428295799998934e-02,-1.141192622400000328e-01,-1.342675025000000244e-01,-1.495067600400000474e-01,-1.629928585800000385e-01,-1.759420014800000265e-01,-1.897113040000000805e-01,-1.984972379999999925e-01,-2.050054169999999953e-01,-2.096858215999999608e-01,-2.149140929999999450e-01,-2.136013801999999961e-01,-2.126640318000000696e-01,-2.119421386000000240e-01,-2.107438655999999966e-01,-2.099456778000000634e-01,-2.101084899999999811e-01,-2.070094296000000722e-01,-2.067414854000000080e-01,-2.011488348000000093e-01,-1.978781125999999890e-01,-1.902908317999999488e-01,-1.840830987999999835e-01,-1.766328425999999507e-01,-1.715251918000000320e-01,-1.648092651999999714e-01,-1.630368808000000058e-01,-1.643990320000000005e-01,-1.647329709999999503e-01,-1.664344023999999589e-01,-1.681762693399999620e-01,-1.721509557800000034e-01,-1.767797847000000533e-01,-1.888192749399999482e-01,-2.172694391399999925e-01,-1.485710132000000461e-01,-1.115802156249999927e-01,2.466357728888888545e-01,6.012854044444442270e-01,7.769968821428571149e-01,1.022477202631579152e+00,9.766474413333333660e-01,1.005050920689655181e+00
-1.119773863199999796e-02,-2.260429399400000483e-02,-3.582366970528000349e-02,-5.119987528200000554e-02,-7.354011488840000998e-02,-9.902870164532004416e-02,-1.181941982599999941e-01,-1.376675419800000577e-01,-1.529267117799999465e-01,-1.665753938400000300e-01,-1.795644376599999925e-01,-1.922019966000000635e-01,-2.003601837999999524e-01,-2.059550477999999851e-01,-2.105647279999999788e-01,-2.162501527999999285e-01,-2.136865991999999659e-01,-2.132012937999999969e-01,-2.122859958000000435e-01,-2.096451565999999933e-01,-2.086093897999999613e-01,-2.087442011999999514e-01,-2.071706385999999844e-01,-2.052542117999998916e-01,-1.981082153999999540e-01,-1.947242738000000140e-01,-1.880403136000000364e-01,-1.821559137999999856e-01,-1.750714872999999949e-01,-1.698539738400000332e-01,-1.642613982199999934e-01,-1.634842682800000113e-01,-1.648770901999999927e-01,-1.649501036599999582e-01,-1.662390893599999808e-01,-1.674060054600000069e-01,-1.713229369199999741e-01,-1.778537750199999934e-01,-1.922041316999999749e-01,-2.249597931800000616e-01,-1.625244151999999664e-01,-1.006106918367344512e-02,3.084801081395349143e-01,6.564589918181817918e-01,9.006625011538460512e-01,9.944274337499999783e-01,1.099459130769230741e+00,1.306344186666666518e+00
-8.676071140000001652e-03,-2.225486740799999946e-02,-3.554878236000000302e-02,-5.192665080999999544e-02,-7.633750890479999718e-02,-1.013612369500000027e-01,-1.202776335800000151e-01,-1.396093754800000197e-01,-1.552611545400000015e-01,-1.692853547200000031e-01,-1.814718625999999779e-01,-1.938137056000000524e-01,-2.016849516000000231e-01,-2.076457218000000993e-01,-2.117276000000000158e-01,-2.153241728000000743e-01,-2.132350157999999551e-01,-2.129013824000000055e-01,-2.113076016000000612e-01,-2.078793333999999493e-01,-2.065125285999999949e-01,-2.078688044000000512e-01,-2.045893863999999895e-01,-2.015358738000000427e-01,-1.949582682000000622e-01,-1.918338771999999470e-01,-1.845463559999999947e-01,-1.776432799999999868e-01,-1.707147214800000257e-01,-1.658930204800000419e-01,-1.620126338199999738e-01,-1.600551599999999741e-01,-1.606807708999999917e-01,-1.622989648999999812e-01,-1.634802245799999443e-01,-1.640155032199999974e-01,-1.697953039000000552e-01,-1.778478239600000399e-01,-1.965305332000000516e-01,-2.309337612200000611e-01,-1.978785469387754625e-01,-3.855911914893615788e-02,4.952914869230770067e-01,7.738969136666665749e-01,9.442648652631577821e-01,1.013010664166666741e+00,1.135069168571428699e+00,1.218651606551723887e+00
-9.196472270400001675e-03,-2.320159902799999799e-02,-3.605308519540000034e-02,-5.329750035600001185e-02,-7.693557756360001887e-02,-1.020096589000000081e-01,-1.226056673199999586e-01,-1.405731958000000226e-01,-1.554572295799999948e-01,-1.702281952399999909e-01,-1.829791260000000475e-01,-1.957609559999999860e-01,-2.021723180000000453e-01,-2.074933619999999590e-01,-2.116107179999999754e-01,-2.146272285999999696e-01,-2.107415769999999577e-01,-2.099463647999999794e-01,-2.102850344000000149e-01,-2.068608100000000616e-01,-2.054496001999999710e-01,-2.060959622000000102e-01,-2.028861239999999455e-01,-2.000660700000000125e-01,-1.928499595999999539e-01,-1.907991025999999923e-01,-1.851961513999999809e-01,-1.783306893200000409e-01,-1.713504787999999834e-01,-1.654588316399999703e-01,-1.622232815000000383e-01,-1.597367094199999560e-01,-1.588848109999999869e-01,-1.595178221400000429e-01,-1.607350157000000390e-01,-1.601799009160000398e-01,-1.685579684399999556e-01,-1.793450162200000142e-01,-2.028098293599999991e-01,-2.010076144000000620e-01,-1.280681848979591531e-01,-4.295730673913044501e-02,5.279116436842103965e-01,7.918025976666668297e-01,8.798645838888888848e-01,9.676239030000001184e-01,9.286893299999999796e-01,1.204824310000000009e+00
-4.418640114399999611e-03,-2.038826010800000310e-02,-3.339858997800000673e-02,-5.125129718800000567e-02,-7.349342331600000611e-02,-9.878479004999998758e-02,-1.218711088799999398e-01,-1.402822870999999860e-01,-1.562152861600000220e-01,-1.707549286799999455e-01,-1.847140496000000132e-01,-1.963925173999999663e-01,-2.056664278000000234e-01,-2.108362583999999762e-01,-2.137555694000000395e-01,-2.144760127999999488e-01,-2.118173218000000135e-01,-2.092937472000000465e-01,-2.069642639999999256e-01,-2.029621127999998997e-01,-2.003479006000000173e-01,-1.999104301999999611e-01,-1.974198912000000028e-01,-1.936884308000000887e-01,-1.881153873999999171e-01,-1.854634857999999664e-01,-1.783504492000000108e-01,-1.715695194399999846e-01,-1.655950164800000235e-01,-1.600537877400000086e-01,-1.564064020999999804e-01,-1.531450658999999603e-01,-1.543572995199999909e-01,-1.556195826799999515e-01,-1.561959838800000555e-01,-1.577668760400000314e-01,-1.668695830399999636e-01,-1.787659448599999701e-01,-2.071202088600000157e-01,-2.435503009583333822e-01,-7.448492061224491756e-02,1.274246718181818450e-01,4.604891625000002708e-01,8.347591685714285115e-01,9.818267780000000666e-01,9.365097583333333864e-01,1.046077308888889057e+00,1.231638104230769137e+00
3.110809301000000068e-03,-1.161094658999999550e-02,-2.578598009799999702e-02,-4.620971684200000928e-02,-6.977760312000000353e-02,-9.742805466980002105e-02,-1.233684538400000030e-01,-1.421530149600000181e-01,-1.589722441399999964e-01,-1.705671688200000036e-01,-1.862442782000000019e-01,-1.965014652000000028e-01,-2.062891396000000321e-01,-2.105730441999999480e-01,-2.128657532000000074e-01,-2.128676614000000467e-01,-2.085449980999999897e-01,-2.033669281999999912e-01,-2.036093136000000081e-01,-2.013901515999999281e-01,-2.004190831999999034e-01,-1.990190879999999829e-01,-1.965158082000000028e-01,-1.934785462000000456e-01,-1.859587095999999662e-01,-1.836969751999999456e-01,-1.761711116000000132e-01,-1.703463749599999355e-01,-1.629119114200000273e-01,-1.568071749200000142e-01,-1.531044007600000367e-01,-1.514534759600000280e-01,-1.506655123200000002e-01,-1.494851687799999829e-01,-1.499706264399999767e-01,-1.511564640600000231e-01,-1.598417667560000088e-01,-1.721329507260000169e-01,-2.078683471399999649e-01,-2.084051901063830037e-01,-1.188519287234042210e-01,5.315907642857142790e-02,5.572679811428571384e-01,6.784031752000000415e-01,1.136864248571428648e+00,1.071065900000000015e+00,1.159939279999999906e+00,1.297453306500000014e+00
1.215240492400000705e-02,-5.161056383400004256e-03,-1.824096675999999778e-02,-4.010452249000000247e-02,-6.717063926199998147e-02,-9.608535762000001978e-02,-1.250007634799999989e-01,-1.440251919199999897e-01,-1.601790612600000052e-01,-1.734291843600000438e-01,-1.894530492000000288e-01,-1.983351891999999839e-01,-2.063589482000000308e-01,-2.097400664000000914e-01,-2.120660394000000448e-01,-2.109809869999999810e-01,-2.071250152000000122e-01,-2.039862821999999798e-01,-2.037980656000000501e-01,-2.010258484000000123e-01,-1.993916329999999293e-01,-1.977288811999999840e-01,-1.938783266000000116e-01,-1.903551484000000349e-01,-1.827198027999999974e-01,-1.769530487599999813e-01,-1.709923552200000030e-01,-1.652449803199999567e-01,-1.592067718600000403e-01,-1.497932429799999909e-01,-1.474575801399999886e-01,-1.448506161399999992e-01,-1.438871000600000227e-01,-1.424284360399999949e-01,-1.425180814200000257e-01,-1.460518648999999669e-01,-1.583734138800000357e-01,-1.749654392599999664e-01,-2.093749237800000829e-01,-2.104708085106383186e-01,-1.189700399999999575e-01,1.989465654054053678e-01,5.109184817857144179e-01,5.481489134999999457e-01,1.135832983999999879e+00,1.259221393333333383e+00,1.324705110000000019e+00,1.268111974444444678e+00
1.104721072394599865e-02,-5.912704341999999030e-03,-1.923355117200000255e-02,-3.880439746599998602e-02,-6.240440366399997024e-02,-9.011154166400003884e-02,-1.189360047999999948e-01,-1.381941227599999544e-01,-1.583452610999999677e-01,-1.720485684600000231e-01,-1.882003784000000068e-01,-1.969532012000000110e-01,-2.047300722000000017e-01,-2.074977110000000291e-01,-2.066719822000000206e-01,-2.045075988000000788e-01,-1.997319795999999426e-01,-1.962303924000000088e-01,-1.961386871999999670e-01,-1.943620301999999245e-01,-1.928956599999999966e-01,-1.906645967999999469e-01,-1.876824952000000213e-01,-1.818428801999999733e-01,-1.739122011400000278e-01,-1.663142398200000149e-01,-1.592117307199999721e-01,-1.548413087199999871e-01,-1.506116484599999972e-01,-1.424806979199999823e-01,-1.410557558799999944e-01,-1.394591520799999540e-01,-1.396192928600000216e-01,-1.364633950599999646e-01,-1.348380273800000029e-01,-1.363165285999999865e-01,-1.545817566999999892e-01,-1.757431791799999865e-01,-1.778288873673469217e-01,-2.253983823750000115e-01,-8.798848456521736819e-03,3.164721068421052497e-01,7.546618282142857348e-01,7.228759739999998102e-01,7.051760300000000647e-01,1.423793790000000170e+00,1.512326536666666499e+00,1.450739854999999690e+00
1.438064580899999292e-02,-1.817397980000001181e-03,-1.313148507000000235e-02,-3.256980880800000588e-02,-5.670761126140000385e-02,-8.862083434999998288e-02,-1.167950439599999696e-01,-1.390360257600000149e-01,-1.606820679199999768e-01,-1.750397490600000272e-01,-1.886344139999999447e-01,-1.963722992000000167e-01,-2.021874235999999714e-01,-2.036354063999999964e-01,-2.006946565999999654e-01,-1.975683601999999872e-01,-1.937645719999999960e-01,-1.902364346000000317e-01,-1.890147393999999925e-01,-1.881257625999999405e-01,-1.865409848000000592e-01,-1.836483009999999583e-01,-1.793080136000000102e-01,-1.740640267799999918e-01,-1.677769465199999976e-01,-1.601820373000000242e-01,-1.529040526399999544e-01,-1.489167782799999951e-01,-1.440365595799999732e-01,-1.382714844399999810e-01,-1.337243654000000170e-01,-1.300094601000000016e-01,-1.307209014199999242e-01,-1.261743165599999994e-01,-1.247727969799999614e-01,-1.274273682400000052e-01,-1.499446863339999880e-01,-1.718972017399999774e-01,-1.724678355510203820e-01,-7.907836314285714152e-02,-9.890235777777763027e-03,3.338335809374998742e-01,6.464794924000000220e-01,7.300089284615385310e-01,8.683255583333333583e-01,4.884433750000000130e-01,1.540596005000000046e+00,1.572161811428571365e+00
2.177932762599999253e-02,1.696243223000000249e-03,-1.436813366680000231e-02,-3.234069809999999545e-02,-5.737525948640000151e-02,-8.866821311999999178e-02,-1.168801878400000105e-01,-1.379035953999999953e-01,-1.596634676199999991e-01,-1.739063261399999838e-01,-1.868654635999999758e-01,-1.932854461999999607e-01,-1.979401400000000422e-01,-2.001939391999999485e-01,-1.982363121999999866e-01,-1.976995851999999998e-01,-1.940353393999999787e-01,-1.903073878000000330e-01,-1.881120299999999856e-01,-1.850962068000000516e-01,-1.826345062000000463e-01,-1.790154264000000661e-01,-1.727925103999999878e-01,-1.669474798799999715e-01,-1.605576325799999426e-01,-1.541238397600000198e-01,-1.466148377799999791e-01,-1.433397673600000088e-01,-1.397896574200000464e-01,-1.332234187600000175e-01,-1.287758639799999882e-01,-1.247838593199999818e-01,-1.224244693200000206e-01,-1.198195651999999500e-01,-1.170470429599999862e-01,-1.207276916400000233e-01,-1.435434721160000204e-01,-1.719091802799999902e-01,-1.507235722599999661e-01,-9.489643453061222256e-02,9.448242190476190128e-02,4.929721997058823524e-01,7.817641517391302752e-01,8.664717969230768535e-01,8.755334283333332523e-01,9.687366649999999968e-01,2.245668400000000009e+00,1.909370731666666821e+00
2.018577580279999964e-02,1.918029742999999114e-03,-1.245246874999999566e-02,-2.901657113839999427e-02,-5.487106328059998539e-02,-8.570991445780000439e-02,-1.149268344520000124e-01,-1.360777281799999683e-01,-1.596111291400000021e-01,-1.733215328399999589e-01,-1.809918973400000408e-01,-1.866408544000000558e-01,-1.914958192000000003e-01,-1.932620999999999922e-01,-1.917799377999999666e-01,-1.895903773999999542e-01,-1.873659515999999692e-01,-1.832688143999999797e-01,-1.815750881999999566e-01,-1.788359831999999372e-01,-1.754418171999999609e-01,-1.717399593999999752e-01,-1.670659635999999781e-01,-1.614053338000000504e-01,-1.584835822400000316e-01,-1.486969002999999623e-01,-1.418838498999999975e-01,-1.368477634799999676e-01,-1.301370235800000108e-01,-1.242401885199999750e-01,-1.177577966199999937e-01,-1.106971736639999759e-01,-1.072751612299999713e-01,-1.014402766860000027e-01,-9.998130837200001897e-02,-1.040457917180000053e-01,-1.273811340300000094e-01,-1.278872684060000098e-01,-1.105860887400000048e-01,-6.245437737551018387e-02,2.245081121818181258e-01,4.439269985714286437e-01,7.109915429166666634e-01,7.195126576923076556e-01,8.390421128571429188e-01,8.050632449999999274e-01,nan,2.041223769374999719e+00
2.976600633540000748e-02,7.264785724000002477e-03,-3.684081966000000551e-03,-2.041900644000000167e-02,-4.703994732780000104e-02,-8.000648512999999906e-02,-1.089053344939999585e-01,-1.327481839799999341e-01,-1.572931670800000736e-01,-1.698004156799999831e-01,-1.770907589599999832e-01,-1.801964571200000143e-01,-1.847887423399999507e-01,-1.846188350599999584e-01,-1.813053126999999987e-01,-1.787427523200000312e-01,-1.791365824000000495e-01,-1.748785392599999655e-01,-1.727536006000000013e-01,-1.685597994799999944e-01,-1.658911131799999383e-01,-1.637732697999999820e-01,-1.597543327400000324e-01,-1.541120909400000016e-01,-1.521490472999999788e-01,-1.429779055199999760e-01,-1.376453400999999577e-01,-1.311454773200000090e-01,-1.235569002600000188e-01,-1.165450285399999703e-01,-1.087791438999999860e-01,-1.023674774799999965e-01,-9.397918632799998062e-02,-9.045547438120001005e-02,-9.053680425200000270e-02,-9.294044501399997826e-02,-1.176471709669999616e-01,-1.178315744439999563e-01,-9.163535902000000122e-02,-1.063197663288888706e-01,2.015181247209302251e-01,4.898185756764705245e-01,6.476507676190476070e-01,8.558831654545454581e-01,1.129022989999999949e+00,1.186791422500000026e+00,1.996780399999999789e+00,2.295236213333333275e+00
2.694992056419999449e-02,5.267715506000001519e-03,-7.583236475999998241e-03,-2.281822216999999237e-02,-4.710967995200000119e-02,-7.776077249219998100e-02,-1.038159942820000015e-01,-1.310877991307999868e-01,-1.519697577799999921e-01,-1.671138757799999763e-01,-1.732989510399999267e-01,-1.764999389799999929e-01,-1.796617126600000003e-01,-1.784609231600000345e-01,-1.760771948799999265e-01,-1.717041025799999621e-01,-1.698993680400000261e-01,-1.683029936999999587e-01,-1.677770242400000167e-01,-1.629830166800000091e-01,-1.590048977200000102e-01,-1.547975159599999928e-01,-1.504727172799999735e-01,-1.468895722399999326e-01,-1.446004485200000078e-01,-1.350337212000000120e-01,-1.320770262400000616e-01,-1.261801903199999964e-01,-1.186736298334000184e-01,-1.119371801500000235e-01,-9.995895386400001359e-02,-9.325324982719999933e-02,-8.316085816000001740e-02,-7.577568056779999950e-02,-7.757728550999999639e-02,-8.044540373799997923e-02,-1.095127872400000202e-01,-1.154177090160000141e-01,-9.069419280979590381e-02,-1.900135380909091440e-02,3.449541704102564998e-01,4.527539870322580540e-01,7.862003890476191303e-01,8.295598678571429740e-01,1.054985529999999949e+00,1.920675899999999992e+00,1.709893560000000035e+00,1.938653700624999754e+00
3.014419553599999302e-02,6.862411513799999627e-03,-4.930419850000000194e-03,-1.700767512340000190e-02,-4.090652458900000121e-02,-6.983779884979997299e-02,-9.946640021719994895e-02,-1.259780118611999733e-01,-1.479100798600000433e-01,-1.616175077399999438e-01,-1.669450383199999610e-01,-1.715123747799999765e-01,-1.733264157199999878e-01,-1.699770355999999927e-01,-1.683756251999999620e-01,-1.663465115199999900e-01,-1.637469480200000049e-01,-1.597427362200000422e-01,-1.562752535199999626e-01,-1.511991880599999893e-01,-1.491436763600000603e-01,-1.445843507199999489e-01,-1.422714992600000450e-01,-1.382101430000000075e-01,-1.365523524000000211e-01,-1.297963713560000010e-01,-1.259064484907999881e-01,-1.164495849000000416e-01,-1.074199676599999626e-01,-9.982955900599996268e-02,-8.850929253400002805e-02,-7.930709823899997901e-02,-6.725868205999999128e-02,-6.288230899999999735e-02,-6.291427655400001762e-02,-7.010070807599999565e-02,-9.947998037800000193e-02,-1.017165375579999753e-01,-1.194977566480000114e-01,-5.096204713023254340e-02,2.770673771315788625e-01,3.547893750000001289e-01,5.424599687500001322e-01,8.301834653846154044e-01,7.210301100000000574e-01,1.838472996666666637e+00,1.716051733333333162e+00,1.986493117500000238e+00
3.219367987399999326e-02,8.496170027999998958e-03,-4.177780169200001094e-03,-1.498725916999999949e-02,-3.659645086999999825e-02,-6.445495620399999126e-02,-9.444961539571999909e-02,-1.209481808159999922e-01,-1.390978240480000294e-01,-1.528116608920000175e-01,-1.590031435399999749e-01,-1.616417696599999898e-01,-1.620523833399999669e-01,-1.579286954799999920e-01,-1.570544429999999880e-01,-1.541851805999999991e-01,-1.530350493200000050e-01,-1.499728390999999772e-01,-1.468379207800000752e-01,-1.397605896999999930e-01,-1.361070257400000538e-01,-1.327107236800000034e-01,-1.304310599179999974e-01,-1.251558688679999809e-01,-1.247317507999999714e-01,-1.207426449399999907e-01,-1.188984683800000386e-01,-1.101992799400000334e-01,-1.003215793524000615e-01,-9.233505255300000769e-02,-7.983764595600001401e-02,-6.667198229800001819e-02,-5.235481259800000425e-02,-4.783493053400000167e-02,-4.700080870199999789e-02,-5.503746025200000058e-02,-8.009605389000000464e-02,-7.455553275510203026e-02,-4.946859677187500498e-02,5.888394456829267043e-02,2.261203154111111335e-01,3.739770837575757678e-01,5.687230433333333446e-01,8.655598966666668836e-01,1.047410574000000150e+00,1.470140079999999960e+00,1.856112482500000160e+00,1.589736049230769277e+00
3.303131107199999694e-02,8.455733750000001339e-03,-1.753768728000000728e-03,-1.541984551799999506e-02,-3.529716496399999681e-02,-6.195564261580000648e-02,-9.637100230340003848e-02,-1.228407282580000065e-01,-1.385604098400000095e-01,-1.502056878438000620e-01,-1.556940458520000292e-01,-1.562813562099999998e-01,-1.569380188600000003e-01,-1.490499878400000089e-01,-1.447409057200000071e-01,-1.441804502400000076e-01,-1.434014131000000136e-01,-1.380885316261999951e-01,-1.348696130359999801e-01,-1.270256037599999943e-01,-1.256507106399999962e-01,-1.259757990080000167e-01,-1.268484491322000585e-01,-1.228949739199999835e-01,-1.235743714199999538e-01,-1.207575985000000074e-01,-1.180612950000000383e-01,-1.088512417800000104e-01,-9.648742682000001347e-02,-8.509094213199999701e-02,-7.122993433799998386e-02,-5.682189960399999795e-02,-4.019760128299999791e-02,-3.521286013999999631e-02,-3.550620987799999601e-02,-4.925712559399997997e-02,-3.338798513200000317e-02,-7.195608951224490013e-02,-4.746405333958333972e-02,1.936273650249999839e-02,1.911889227142856973e-01,3.854490898733333171e-01,8.218246072222222809e-01,6.320075970000000876e-01,1.312037789999999982e+00,1.195819847999999963e+00,1.543394466000000076e+00,1.660950419374999765e+00
1.591369590200000100e-02,1.898139951399999831e-02,1.709747091400001242e-03,-9.820480422000003873e-03,-2.595687896200000316e-02,-5.613220217759999631e-02,-8.678108217159996585e-02,-1.124726101600000139e-01,-1.173298645979999749e-01,-1.421298979600000012e-01,-1.496755975000000072e-01,-1.558922576200000021e-01,-1.469766241400000117e-01,-1.443875121800000105e-01,-1.391764829000000370e-01,-1.383058929199999787e-01,-1.337259674440000046e-01,-1.303703302399999986e-01,-1.282621004800000297e-01,-1.225428007300000260e-01,-1.221238710600000138e-01,-1.260369869400000120e-01,-1.261454772200000241e-01,-1.226498415600000558e-01,-1.248143769200000253e-01,-1.193733217520000223e-01,-1.160157005000000269e-01,-1.034017947000000215e-01,-9.019256582000000078e-02,-8.026847863880000322e-02,-6.645866400999998758e-02,-4.428108256800000059e-02,-2.581504803119999761e-02,-1.878334052219999759e-02,-1.783892612244898299e-02,-3.289911626102040576e-02,1.955312532653060223e-02,-2.487579563877551428e-02,-9.016661384545454627e-02,-1.475476023076922535e-02,1.962277037428571125e-01,4.552044226428569873e-01,6.285284055499998912e-01,6.048806992307692587e-01,1.174970620000000077e+00,1.022248833999999995e+00,1.570878977500000051e+00,1.637653344285714407e+00
-3.163756860000001541e-03,4.468155765600001494e-03,1.643730176800000178e-02,-4.145508012600001777e-03,-1.632682805859999794e-02,-4.141387918800000512e-02,-6.064399678799998333e-02,-8.585632283800000153e-02,-1.046563718199999965e-01,-1.074080657300000574e-01,-1.227144624000000295e-01,-1.358541862999999850e-01,-1.361831664260000074e-01,-1.324143986400000417e-01,-1.284286492719999839e-01,-1.326931001745999816e-01,-1.353902437160000305e-01,-1.261327359119999714e-01,-1.263991546919999709e-01,-1.146855922659999888e-01,-1.200637820914000065e-01,-1.246994780319999607e-01,-1.252819064279999950e-01,-1.269953921940000230e-01,-1.319884490599999849e-01,-1.240557103799999616e-01,-1.154793550099999927e-01,-9.611137369700001321e-02,-8.120330792799998476e-02,-6.674316385600000123e-02,-5.283836360959998785e-02,-2.893760741100000200e-02,-1.481278110000000363e-02,-9.436704820408162164e-03,-8.563683569387754713e-03,1.494209073265306137e-02,6.784314640204082425e-02,-1.055584852173913242e-02,-1.314805043902439637e-02,1.476054952777777762e-02,2.910373163374999628e-01,4.584510510769231884e-01,4.646873408823529172e-01,5.040512142461538447e-01,8.586740550000000471e-01,1.415708536666666850e+00,2.359403649999999963e+00,1.915559775000000187e+00
2.981834498599999009e-02,4.507545465279999553e-02,2.829338107000000171e-02,1.591468801099999927e-02,6.573410223399998170e-03,-1.781494150379999558e-02,-3.446044912200001142e-02,-5.580779959999999928e-02,-5.164993299000000815e-02,-4.849807766200000397e-02,-5.834350608799998561e-02,-6.202598532800002173e-02,-8.499786390600000408e-02,-7.274375964400001116e-02,-1.109208678139999849e-01,-1.162419890379999959e-01,-1.206289670400000208e-01,-1.223807521179999802e-01,-1.061669158259999773e-01,-1.033801270999999966e-01,-9.688178966000000891e-02,-1.122404477859999944e-01,-1.152641298039999707e-01,-1.181618501520000780e-01,-1.187472533999999885e-01,-1.176865390000000205e-01,-1.153877259899999952e-01,-9.587493899800002273e-02,-7.875221260799999956e-02,-6.538993817479998860e-02,-4.993797308599998847e-02,-3.057838037326530978e-02,-1.274251955000000290e-02,-1.091588367111111062e-02,-3.868186217391302896e-03,6.810587135181819796e-02,6.757476211363637464e-02,1.663344178571430146e-02,-2.647681081578947757e-02,4.837038517241380037e-03,1.691785544761904569e-01,4.961603125999999309e-01,4.117024724166666871e-01,6.519960272307692151e-01,1.739308949999999854e+00,1.384458544999999985e+00,2.164613700000000307e+00,1.528748107142857027e+00
4.253196704399999500e-02,6.330436688000000423e-02,4.675827032599998850e-02,3.653053294400000067e-02,2.214317325600000108e-02,-7.428741498199978007e-04,-1.337684643000000388e-02,-3.185691827399999426e-02,-2.339317306799999774e-02,-3.513854989400001100e-02,-2.612091016000000002e-02,-4.006546005200002647e-02,-4.626045269820000527e-02,-4.655334502400001323e-02,-6.108894307599999768e-02,-9.585433986199999590e-02,-8.706550552799999232e-02,-8.855171239199996491e-02,-7.861907960000000251e-02,-7.656417833199999357e-02,-6.182495101999999770e-02,-8.246238647399999067e-02,-8.952873186799999161e-02,-9.945121743399999714e-02,-1.082530210800000114e-01,-1.034356686020000138e-01,-1.039793395280000088e-01,-8.566070543999998455e-02,-7.068260199399999111e-02,-5.704475382799999855e-02,-4.498458907000000423e-02,-2.754195530000000045e-02,-1.071004694042552996e-02,-1.023661323333333560e-02,-5.184597337777777093e-03,6.321022685227271898e-02,6.181771463095238339e-02,2.273612624444444619e-02,-7.992653387096763234e-03,-8.264340881052631427e-02,1.357788138666666811e-01,2.734237626666666809e-01,5.957922544545456445e-01,9.988906888999998790e-01,1.212044309999999792e+00,1.234770212000000145e+00,1.373346959999999894e+00,1.402782179999999990e+00
4.976623399739999593e-02,4.481880119599999240e-02,6.542984051799999312e-02,5.723869310199999894e-02,4.635765076800000412e-02,2.438217133200000497e-02,2.407745321000000216e-02,2.057075468484000080e-02,2.244247434000000430e-02,1.039871212599999956e-02,7.770690682000005317e-03,3.388137904000000557e-03,-1.039184548199999572e-02,-1.794609066399999522e-02,-3.131195116999999084e-02,-2.349472035600000744e-02,7.547454291999993077e-03,-5.267890955400000158e-02,-3.369255096199998828e-02,-2.146636977200000462e-02,-2.186134349600000679e-02,-4.185180640799999324e-02,-5.291297924219999504e-02,-6.764068616799998046e-02,-8.218292226399998013e-02,-9.570419287999998303e-02,-9.422790470844003008e-02,-7.060478255999998176e-02,-5.398917701571430416e-02,-4.247085206041666811e-02,-4.294315960625001011e-02,-1.377633213276595846e-02,5.410232413043434370e-04,1.178031097674414954e-03,1.962955200769230663e-02,5.628497876923077570e-02,6.548489960526315823e-02,1.755673501071427015e-02,-2.607726599999994448e-03,-1.522739223076922770e-02,1.050584625555555651e-01,4.278038901111111958e-01,3.513179288888889085e-01,3.750987103749999774e-01,5.672121049999999665e-01,8.121299749999999484e-01,1.621161447500000019e+00,1.207898522000000030e+00
3.247634709199998665e-02,3.079742385999998527e-02,1.928070077999998605e-02,7.247925718000003750e-03,2.822334272000000255e-02,9.389571970000005000e-03,7.284393450000000922e-03,6.581955143799999262e-03,1.808532758200000201e-02,2.851432812764000471e-02,2.139244112939999581e-02,1.938133215800001002e-02,-9.466094987999995602e-03,-2.061866767599999928e-02,-1.979873657000000980e-02,-1.335708616939998948e-02,6.228409556000006307e-03,-2.716491665800000593e-02,-2.465934741999999472e-02,-1.619232166400000686e-02,-1.671226530999999141e-02,-4.764663693000002059e-02,-5.589805649280000371e-02,-7.196617201999999658e-02,-6.959869347399998130e-02,-7.920578001872000118e-02,-8.080551128599999799e-02,-6.857971182460000092e-02,-4.628317689591837647e-02,-7.680215640000000177e-02,-3.311149608100000252e-02,-1.465723427795918160e-02,-2.586126552083335868e-03,-2.236768815555558940e-03,4.515573281086956992e-02,6.848890145454546163e-02,8.076718959999998337e-02,1.262104991724999903e-01,6.155188181818178374e-03,9.066758286370370234e-02,-3.349075191999999895e-02,2.707716888043478209e-01,4.780809044720000789e-01,6.855644608695652398e-01,8.200236233181819046e-01,9.671300195238093922e-01,8.920368352631580233e-01,1.120416051250000100e+00
