3.989665196790793261e-02,3.898737539077890696e-02,3.515037561873479710e-02,2.683913397018189428e-02,1.611424560660519242e-02,1.007104263282011976e-02,6.122243283586870002e-04,-1.138893330881798199e-02,-2.095747578886569470e-02,-2.630540847682463074e-02,-2.803024775089384135e-02,-2.694029236031605934e-02,-2.611978378347465379e-02,-2.383475468962789612e-02,-2.197805786110972395e-02,-1.983440018297520299e-02,-1.878303171858825699e-02,-1.873326441522490254e-02,-1.888595021618206388e-02,-1.885997950234348519e-02,-1.899174880975130347e-02,-1.897524464833838867e-02,-1.852655893936236420e-02,-1.801025059924274418e-02,-1.793364588331716400e-02,-1.594984512368975357e-02,-1.341338475646553993e-02,-1.127874399850259564e-02,-9.619682565889962553e-03,-8.608553569377319289e-03,-7.517806750295018964e-03,-6.714727274439745430e-03,-6.277296956566460508e-03,-5.840699767785689604e-03,-5.371559905167324483e-03,-4.615816245958739503e-03,-3.902791340617490883e-03,-2.738277179233024154e-03,-1.004435728486302885e-03,1.803512570647124776e-03,4.689034524241028103e-03,6.408176421317221365e-03,4.007826745028160616e-03,-1.598348236891847587e-02,-4.717961424595165654e-02,-6.565301286009515846e-02,-7.364224395847351889e-02,-9.338869238839896114e-02
4.646023025591970723e-02,4.396649346573326678e-02,4.133714599919151300e-02,3.253860703145019379e-02,2.207989019100076167e-02,1.245090637180566034e-02,-1.544544983178924684e-03,-1.660136642853644526e-02,-2.896982777693681357e-02,-3.696253560256543280e-02,-4.039884669399666783e-02,-4.078252843268918848e-02,-4.019326985603795255e-02,-3.768461176374391514e-02,-3.559220555562681715e-02,-3.312800368886472530e-02,-3.180660400155993495e-02,-3.168427175004406848e-02,-3.173511327280124916e-02,-3.126915232080820783e-02,-3.120420201296371029e-02,-3.106101506760208450e-02,-3.007430598013662026e-02,-2.882179057064036473e-02,-2.735478541319729187e-02,-2.412828343833684983e-02,-2.052751820922913903e-02,-1.719123712916431970e-02,-1.431649831323879123e-02,-1.241761500389582107e-02,-1.047389628295627290e-02,-8.939824419342656814e-03,-8.007076520008662990e-03,-7.219138336042072585e-03,-6.414183552086224344e-03,-5.290333301156671143e-03,-4.245823924806532701e-03,-2.832257078584294804e-03,-8.970850650807856439e-04,2.204373932069048168e-03,5.237867997213853377e-03,6.884234619485652372e-03,3.153009542390886131e-03,-2.049580051968678124e-02,-5.495548935645711008e-02,-7.821931203107895803e-02,-8.987001265232494318e-02,-1.144681144925651095e-01
5.597199730999044553e-02,5.208038152060124465e-02,4.925781070072628165e-02,4.087983728523283261e-02,2.731122563796606686e-02,1.282168808446358145e-02,-5.548136647936484367e-03,-2.267715860730043845e-02,-3.630261408426184444e-02,-4.644765167202434542e-02,-5.146621729322604227e-02,-5.292563603461634958e-02,-5.285203374611902039e-02,-5.063368657198009937e-02,-4.889017893489667338e-02,-4.626841557870679106e-02,-4.490783564170003350e-02,-4.454104283761334965e-02,-4.430807698243998533e-02,-4.361486383651334842e-02,-4.320730260521309790e-02,-4.278004150448678350e-02,-4.125813624068670749e-02,-3.943477528487582262e-02,-3.719342193518281048e-02,-3.294077987552648801e-02,-2.845955632370053556e-02,-2.423104756796107956e-02,-2.040822499963773282e-02,-1.766290664615723441e-02,-1.484443155913333680e-02,-1.273192545650956263e-02,-1.132508239759485828e-02,-9.987728629573283667e-03,-8.804828135154091698e-03,-7.231101480644811473e-03,-5.827668256817424355e-03,-4.081194559090935668e-03,-1.739259593459359290e-03,1.451302845352766104e-03,4.554129790316349333e-03,6.319911448485579508e-03,1.064568587680945469e-03,-2.586924768531650293e-02,-6.345677489466433618e-02,-9.108851777154478024e-02,-1.055342969532514913e-01,-1.346873929579346374e-01
6.039921875098726300e-02,5.609136327146627826e-02,5.257105712920727425e-02,4.450870539561208733e-02,2.921303075049397346e-02,1.208301773582462144e-02,-8.630137383555471636e-03,-2.685191192396340493e-02,-4.142535248151411886e-02,-5.303703232206302687e-02,-5.912483546280304647e-02,-6.167462564461148600e-02,-6.197882334613338817e-02,-6.016336898706391156e-02,-5.879408009480359409e-02,-5.631878687825465218e-02,-5.517153218686664251e-02,-5.529713541393996984e-02,-5.519803212401344639e-02,-5.475465036895317550e-02,-5.419173660307338714e-02,-5.364006653356660076e-02,-5.164852040593316540e-02,-4.930401789519975320e-02,-4.639345626795981364e-02,-4.146488215083923845e-02,-3.644643224008196902e-02,-3.150769093574624924e-02,-2.704920425564850961e-02,-2.358716176409543508e-02,-2.019185180603247365e-02,-1.748979594072723812e-02,-1.545928497063392935e-02,-1.359197616479533924e-02,-1.207999826904118147e-02,-1.011623509748218672e-02,-8.236492918921620859e-03,-6.055657450211705470e-03,-3.469761402962138076e-03,-8.778305137426944526e-05,3.126028949633843663e-03,4.814905796500178713e-03,-1.989588423504256003e-03,-3.195451938617099169e-02,-7.239043833404745776e-02,-1.041462709890359217e-01,-1.212227472819785989e-01,-1.534026170070741935e-01
6.802216390523936618e-02,6.123479893912647798e-02,5.624505539487614780e-02,4.556708780979347451e-02,2.759182102886258148e-02,8.344439440279911857e-03,-1.456841023941466036e-02,-3.418196004173596619e-02,-5.079378204070247177e-02,-6.416088993289442710e-02,-7.243851418435856560e-02,-7.703394672721383674e-02,-7.920114364076030755e-02,-7.860735396221328608e-02,-7.787354633074064503e-02,-7.556392365591274585e-02,-7.526942341086674537e-02,-7.533784281853354858e-02,-7.489269359486667998e-02,-7.372581126046637290e-02,-7.212135060966698430e-02,-7.065262501079992707e-02,-6.753661346253338194e-02,-6.449152627840029628e-02,-6.106960678226631273e-02,-5.577591247406651215e-02,-5.034340566069997469e-02,-4.465892486460723565e-02,-3.949546890420123357e-02,-3.534526341829877238e-02,-3.155855102501774201e-02,-2.834764200853049851e-02,-2.567382125845873997e-02,-2.345754852102849980e-02,-2.181770273764661872e-02,-1.940330149102313662e-02,-1.672874984612329405e-02,-1.389538065383576562e-02,-1.026222508780567401e-02,-6.064224748906517533e-03,-2.470078022745683059e-03,-7.950190163529678071e-04,-1.015878143365748706e-02,-4.522757034723268177e-02,-9.256180423556727155e-02,-1.322998349875847968e-01,-1.531805457102793921e-01,-1.832573608081843053e-01
7.176410674219521613e-02,6.460901514153774561e-02,5.932972411804687124e-02,4.715921072344749637e-02,2.714448190276219988e-02,4.186747741004578222e-03,-2.270654424122104179e-02,-4.576715317525760496e-02,-6.596989772965712595e-02,-8.279902320136081628e-02,-9.367877679869310303e-02,-1.025347096815869830e-01,-1.074890360621996305e-01,-1.082881751771326839e-01,-1.097658620356667530e-01,-1.079085708664665882e-01,-1.072605153157999563e-01,-1.063522435544005662e-01,-1.052946278997333868e-01,-1.035909876334666219e-01,-1.010129041074670359e-01,-9.847884164559975173e-02,-9.368704759833311468e-02,-8.882758408773339109e-02,-8.422908095906678216e-02,-7.752470271146695568e-02,-7.081035233153307185e-02,-6.396330795399055025e-02,-5.784853312137321069e-02,-5.203196258512057804e-02,-4.655805028494281600e-02,-4.186729710760828810e-02,-3.766915791641356481e-02,-3.393745727462905287e-02,-3.046836776712941175e-02,-2.657655410635526017e-02,-2.275324554176197042e-02,-1.903286260062662591e-02,-1.511712188726077946e-02,-1.080855509268169139e-02,-7.458302309910906820e-03,-7.275217178651325126e-03,-2.155271683722515680e-02,-6.445676130736882614e-02,-1.190486219476473845e-01,-1.669451702211479094e-01,-1.927519631470960559e-01,-1.913730979545296695e-01
7.553960317117698609e-02,6.727470143893249377e-02,5.960703760338771640e-02,4.691404291349116074e-02,2.385991948986051006e-02,-4.127420304616818449e-03,-3.437298837657204453e-02,-5.854216131140519558e-02,-7.915602186251689820e-02,-9.658351391675681907e-02,-1.077038739611700241e-01,-1.172341339286931960e-01,-1.230992711316663130e-01,-1.260943821959995270e-01,-1.287874883083995337e-01,-1.293552503156666089e-01,-1.300639233880661605e-01,-1.303735476068000609e-01,-1.294731656201332515e-01,-1.276678443909333160e-01,-1.253432515386000146e-01,-1.224528470314669854e-01,-1.168079348114671734e-01,-1.103010409124666330e-01,-1.034637659497334161e-01,-9.618421023100010014e-02,-8.891668067279974441e-02,-8.146891250433295484e-02,-7.474376246581337924e-02,-6.804432144758738865e-02,-6.175689443004467316e-02,-5.634654642775126232e-02,-5.142411804175754664e-02,-4.676114857638307559e-02,-4.245688044230357117e-02,-3.774164352811734680e-02,-3.323452911312726327e-02,-2.881365992080206148e-02,-2.423824513631434030e-02,-1.984388402234740778e-02,-1.680752054431063069e-02,-1.790131430149933742e-02,-3.660361376690872415e-02,-8.461273551750161936e-02,-1.450764144467026340e-01,-1.940757433174858104e-01,-2.031039192454241193e-01,-1.256289400978281845e-01
7.633658775363090510e-02,6.620412112724508025e-02,5.634559504454147300e-02,4.160513941628060652e-02,1.574996668232436434e-02,-1.589799219251131907e-02,-4.595862656253501405e-02,-7.022162017648075905e-02,-9.077732135891848630e-02,-1.074851168374039295e-01,-1.178927401551527060e-01,-1.269380839041400200e-01,-1.324735804358672109e-01,-1.354444491292670638e-01,-1.384026835160669100e-01,-1.393605817244000233e-01,-1.406073788831329885e-01,-1.414952557997998239e-01,-1.413957298612662228e-01,-1.402635648103335853e-01,-1.386302508808000822e-01,-1.362360687259329683e-01,-1.313432802626004203e-01,-1.254443201566000643e-01,-1.188709660935333978e-01,-1.119594022162002656e-01,-1.048402045990663028e-01,-9.769710771719986031e-02,-9.090657071060016803e-02,-8.391544036826725783e-02,-7.724001642826605618e-02,-7.145764618559993786e-02,-6.645042927678998512e-02,-6.104406840176645338e-02,-5.601416804023136298e-02,-5.075621567605267254e-02,-4.567099991096483513e-02,-4.085697657987696907e-02,-3.582261607160018568e-02,-3.135335973595919368e-02,-2.862620010525071881e-02,-3.118667499247207778e-02,-5.437008028528780151e-02,-1.070652398932002980e-01,-1.696578173297267067e-01,-1.959836097176411718e-01,-1.684395778339538297e-01,-4.186558705213574982e-03
7.601978962453362354e-02,6.477932128852079141e-02,5.280113219561449744e-02,3.586268310752314253e-02,6.614087422272331082e-03,-2.657366687878081127e-02,-5.670229161560051689e-02,-8.104802676470322653e-02,-1.009750297332238506e-01,-1.172176829058628050e-01,-1.268893748029039370e-01,-1.355124135326195023e-01,-1.405772524563324299e-01,-1.433039967849995266e-01,-1.460383435654006024e-01,-1.468857391757332209e-01,-1.482120488594009244e-01,-1.493611414602009357e-01,-1.497635446977333418e-01,-1.491714007367332395e-01,-1.482897112719332444e-01,-1.465964910039991853e-01,-1.422809941787999133e-01,-1.369485328632666366e-01,-1.310664797421336181e-01,-1.248589541094661803e-01,-1.183567161858000427e-01,-1.117298555839331548e-01,-1.053164754156662858e-01,-9.870375390620010625e-02,-9.226560440520038819e-02,-8.640741142906711858e-02,-8.085094706053327918e-02,-7.483635558738695182e-02,-6.912746175815316640e-02,-6.320943171130675997e-02,-5.749542870975891951e-02,-5.223628362031480787e-02,-4.677338537009863295e-02,-4.254090524508781501e-02,-4.056387557426062440e-02,-4.529911373391019846e-02,-7.306214291546661577e-02,-1.294257332175020592e-01,-1.884663906923489674e-01,-1.858707066875948111e-01,-1.312362211938884471e-01,1.179983835150758276e-01
7.308989534086306195e-02,6.049926527957281974e-02,4.577415745026783278e-02,2.686471100895504796e-02,-3.766426342399768062e-03,-3.695833766006824395e-02,-6.612761382486614936e-02,-9.021164573973061707e-02,-1.101347048461224776e-01,-1.257236681733682748e-01,-1.352464185074663816e-01,-1.439046852103199881e-01,-1.487869082442001833e-01,-1.511505780705328927e-01,-1.534534612174668911e-01,-1.541561571811340126e-01,-1.550954116597998977e-01,-1.561660733636668075e-01,-1.567685559506000192e-01,-1.564640612165997813e-01,-1.560282617942663763e-01,-1.550427930159330447e-01,-1.514763710096672100e-01,-1.467378021359337370e-01,-1.412429171630006641e-01,-1.355916366769333581e-01,-1.295047292068005895e-01,-1.232521151342666904e-01,-1.170848477341335792e-01,-1.110220838050669512e-01,-1.049909889128000928e-01,-9.937822646746745370e-02,-9.372138140466640399e-02,-8.760323993466660741e-02,-8.153337480144015603e-02,-7.512527312981877314e-02,-6.884051232279221610e-02,-6.321450958861504765e-02,-5.784788742343599521e-02,-5.381898548736531451e-02,-5.258473254605883218e-02,-6.019151813224257047e-02,-9.229441003523443376e-02,-1.506031335959910900e-01,-2.009571036453008108e-01,-1.642395469579727985e-01,-8.553643832161904326e-02,2.581256853340282986e-01
7.032834525209788468e-02,5.613524119073985685e-02,3.871514128924327669e-02,1.777131423956330655e-02,-1.419731623681378015e-02,-4.844973043382010819e-02,-7.694204430480430790e-02,-1.005448811617013910e-01,-1.200493217423023312e-01,-1.351856824559237169e-01,-1.443430511193618815e-01,-1.527016875988324307e-01,-1.575573099756670536e-01,-1.597604225283992263e-01,-1.618194252021996349e-01,-1.620839559033335486e-01,-1.629009383953335666e-01,-1.634317787365995311e-01,-1.638445111707332313e-01,-1.635618502413998532e-01,-1.633013549515992535e-01,-1.628356989545330924e-01,-1.600604988183338961e-01,-1.560901212344006361e-01,-1.515447746640010973e-01,-1.466162775685337649e-01,-1.414884495720672153e-01,-1.360163179860000571e-01,-1.301955169886666319e-01,-1.245345636763330599e-01,-1.185170234162001013e-01,-1.129651209027999481e-01,-1.072579940825324624e-01,-1.010291743044667567e-01,-9.455110982121317509e-02,-8.795275014410626480e-02,-8.147191315479498930e-02,-7.568461074915722175e-02,-7.057517649843036978e-02,-6.692846553286924127e-02,-6.686229450634896543e-02,-7.774257908212915680e-02,-1.138964033131914938e-01,-1.741912478511031259e-01,-2.127632397140470089e-01,-1.444525000936453252e-01,-4.951164267931179586e-02,3.909126062868198415e-01
6.529092074606787643e-02,5.001419957854919690e-02,3.014298426454311772e-02,8.111666367333941058e-03,-2.472991282282581763e-02,-5.943132092494188279e-02,-8.693461327765739100e-02,-1.103022806681291101e-01,-1.295256151882667461e-01,-1.443743880937675694e-01,-1.533412089307855664e-01,-1.616913139602068339e-01,-1.663507077235335807e-01,-1.684381622782666066e-01,-1.701953216113978873e-01,-1.700598927573994112e-01,-1.702484886427996225e-01,-1.703795972093324895e-01,-1.702904808032671968e-01,-1.698497443944680663e-01,-1.696192195136675684e-01,-1.695109328935334170e-01,-1.674007225261326115e-01,-1.643657056208002176e-01,-1.607088930793333925e-01,-1.565999158192662721e-01,-1.519196594154673952e-01,-1.469176338077334831e-01,-1.413876833845991443e-01,-1.359440154822000313e-01,-1.304056152380667633e-01,-1.248461270497330938e-01,-1.193511774572666162e-01,-1.135648544328664161e-01,-1.073058527388000422e-01,-1.007791008075192285e-01,-9.446629819158014474e-02,-8.884037702343394738e-02,-8.389400761463924883e-02,-8.070078455857175592e-02,-8.187090376536845793e-02,-9.584946977289261760e-02,-1.353559649303637535e-01,-1.948861311461734247e-01,-2.071648525224577264e-01,-9.928403325818975500e-02,1.907520551229873948e-02,5.206226651356041790e-01
6.064863434370072054e-02,4.284527613443084304e-02,2.136066053076257285e-02,-6.458620712316353674e-04,-3.375495886316166871e-02,-6.774080504962891325e-02,-9.440530295609017575e-02,-1.173649948110723346e-01,-1.365511154237070701e-01,-1.515511510304470844e-01,-1.608312815121333561e-01,-1.694187085346858523e-01,-1.740494542772659525e-01,-1.764995539328661489e-01,-1.782410858289338595e-01,-1.776881284145334916e-01,-1.774171231608663579e-01,-1.768343820822668444e-01,-1.761340784833995698e-01,-1.751496979115325647e-01,-1.745583150209331913e-01,-1.743810636026666139e-01,-1.729881052294671706e-01,-1.707415372103342210e-01,-1.682849491887333793e-01,-1.652204810318665118e-01,-1.616147959440005222e-01,-1.574512156279344599e-01,-1.526825108918666851e-01,-1.477346206435326270e-01,-1.426927269068671567e-01,-1.373692369761336241e-01,-1.320712814322668183e-01,-1.265223811015334932e-01,-1.204147715196004081e-01,-1.140981168403337187e-01,-1.078957494110002885e-01,-1.022577797290059182e-01,-9.766313118952171801e-02,-9.517590408397254287e-02,-9.792907686855807647e-02,-1.154786622218624270e-01,-1.592331886562515508e-01,-2.170751681614077888e-01,-1.950561186163081162e-01,-2.888810271555421888e-02,1.143246821895634313e-01,6.616121891783184328e-01
5.403814493750255105e-02,3.439446919622236171e-02,1.302199173494564786e-02,-8.558573915577794011e-03,-4.151914240093907554e-02,-7.418731637269933288e-02,-1.000559150675363884e-01,-1.228167315040061547e-01,-1.415371424286346880e-01,-1.567816507973664453e-01,-1.670208409541329153e-01,-1.759950734216666757e-01,-1.807815989289990877e-01,-1.835525452024666382e-01,-1.857364674863321852e-01,-1.853202516806001232e-01,-1.848091613774661135e-01,-1.837111088995327102e-01,-1.824715840344675044e-01,-1.810066574297999886e-01,-1.799461792273333860e-01,-1.794892087191326535e-01,-1.780991790695334587e-01,-1.765428771927333718e-01,-1.751413996236661774e-01,-1.731859400634001289e-01,-1.704054748730658708e-01,-1.670618484997335174e-01,-1.630437467181996281e-01,-1.586472453394668358e-01,-1.540664990686017033e-01,-1.493364878395336548e-01,-1.440667411865998448e-01,-1.387863980731999236e-01,-1.329753934460669307e-01,-1.269869249575333314e-01,-1.210888040896202084e-01,-1.155383560600409809e-01,-1.113727841594132767e-01,-1.096983136148042132e-01,-1.147532671611588700e-01,-1.366017047489411218e-01,-1.839134022404432245e-01,-2.322002837482374238e-01,-1.528552388984156518e-01,6.527949291441755009e-02,2.370899199296710724e-01,7.885082034026513753e-01
4.683103104929205868e-02,2.676635437117131852e-02,5.171341717111488552e-03,-1.606926192650091900e-02,-4.795792998764672466e-02,-7.836001230619431268e-02,-1.041325111065023040e-01,-1.264988383110262349e-01,-1.454206939819527589e-01,-1.616057929698677398e-01,-1.726359382777335194e-01,-1.822927187630002943e-01,-1.879149996329998462e-01,-1.910003461386659829e-01,-1.934094815537338308e-01,-1.930978950538662364e-01,-1.923955775033987514e-01,-1.907045918376669147e-01,-1.887691386092004708e-01,-1.868727361155346489e-01,-1.853882359959334314e-01,-1.847817291213349200e-01,-1.833898486026661334e-01,-1.822851353926671636e-01,-1.813314534550000690e-01,-1.798954073486665473e-01,-1.780715785143341112e-01,-1.752809951939991451e-01,-1.721043312141996295e-01,-1.683707387323328253e-01,-1.644125190573328399e-01,-1.603088004901332131e-01,-1.552818471532659284e-01,-1.505159995929995498e-01,-1.452236884773330516e-01,-1.394408958433336065e-01,-1.337833955997995428e-01,-1.280387123056061505e-01,-1.244161069362133831e-01,-1.238388557604071238e-01,-1.312008972244322336e-01,-1.569385752278620039e-01,-2.061754380967628364e-01,-2.277147254320440739e-01,-9.333402388891648416e-02,1.759136295773679193e-01,3.858450826791280375e-01,9.130181715754018823e-01
3.960709507573076382e-02,1.910125350790417911e-02,-1.745641838646599898e-03,-2.193882293457039348e-02,-5.255976969264573168e-02,-8.134992445759876845e-02,-1.068765535937521854e-01,-1.292316142075517482e-01,-1.487702636672865730e-01,-1.653961733297204251e-01,-1.769918177075334997e-01,-1.869560768244660220e-01,-1.930745958867330081e-01,-1.967953519087331238e-01,-1.997025911986670121e-01,-1.998551823714667663e-01,-1.992392882999320936e-01,-1.974664670395999966e-01,-1.953985567910668242e-01,-1.932884033653342326e-01,-1.914436137060665510e-01,-1.902207918926672459e-01,-1.886609921926667710e-01,-1.875527094873331024e-01,-1.868305529333331438e-01,-1.858352951133326048e-01,-1.845656916340005227e-01,-1.827807456683324949e-01,-1.805392494325332720e-01,-1.775149665910000785e-01,-1.741004862844655332e-01,-1.703907422566664498e-01,-1.658117197813994415e-01,-1.610972828932004108e-01,-1.560850257907326899e-01,-1.507724894002671623e-01,-1.455512458516659557e-01,-1.403504040978667822e-01,-1.371457913432468090e-01,-1.377956415854388883e-01,-1.480981936414029199e-01,-1.778106341528382928e-01,-2.250719397425703372e-01,-2.120144873770357374e-01,1.475265905103504034e-02,3.382211639548730053e-01,5.708713677590447899e-01,1.006622813410143813e+00
3.343801804028204150e-02,1.260854110051092859e-02,-6.716054275142930088e-03,-2.611205596643664459e-02,-5.611967442707973402e-02,-8.356399917314999426e-02,-1.091426971353272046e-01,-1.315244722923167298e-01,-1.513438847740024573e-01,-1.686048265735383411e-01,-1.809318150917342272e-01,-1.911932553303331006e-01,-1.980489598807334550e-01,-2.024804382186668472e-01,-2.058843599779328626e-01,-2.062153892593980853e-01,-2.057331860889337893e-01,-2.038231173122669326e-01,-2.014744992379993438e-01,-1.989400433478670238e-01,-1.968999130226660454e-01,-1.953536608520005380e-01,-1.938282005446664014e-01,-1.928901720099999995e-01,-1.926094622493331743e-01,-1.917673775106664702e-01,-1.909471000719993039e-01,-1.896258344166666387e-01,-1.878195396331999167e-01,-1.853972760224669725e-01,-1.821857955804004614e-01,-1.791217628701998188e-01,-1.752972951339999697e-01,-1.710055023462670187e-01,-1.666931998739329679e-01,-1.621298164645998963e-01,-1.574592903377664277e-01,-1.528682113792540764e-01,-1.499463190668816337e-01,-1.518536399760895550e-01,-1.650748996259542023e-01,-1.981365157340864436e-01,-2.365881391637018882e-01,-1.705658734118862263e-01,1.381898056572680722e-01,4.831239179051272092e-01,7.290595495814401472e-01,1.084169676793938830e+00
2.819705936570028257e-02,8.239717354993722487e-03,-9.272189333644282466e-03,-2.772733306012716004e-02,-5.728654632295605148e-02,-8.436379015411768489e-02,-1.100428077583887193e-01,-1.326937891579264284e-01,-1.530775878715694149e-01,-1.709972226218554048e-01,-1.843415746133269528e-01,-1.951048484798669769e-01,-2.024563850743337223e-01,-2.074102857131993327e-01,-2.112251942590013809e-01,-2.119811782796011679e-01,-2.113746347823323435e-01,-2.094673957936667164e-01,-2.072814147704667986e-01,-2.046495493509335739e-01,-2.024404535795326643e-01,-2.007604736486671149e-01,-1.991082933846659853e-01,-1.980382639193338512e-01,-1.974492464726664009e-01,-1.969231000213326199e-01,-1.963507555846669417e-01,-1.954385022433344499e-01,-1.942252802286668079e-01,-1.925651608905332990e-01,-1.904225382269332523e-01,-1.879807381025326296e-01,-1.848038302121328968e-01,-1.811281773739328582e-01,-1.774155100149335251e-01,-1.735071584316667803e-01,-1.693920285518671909e-01,-1.655559608233594382e-01,-1.634223632836129536e-01,-1.671634233835702921e-01,-1.831305733726027729e-01,-2.174919102381093206e-01,-2.323268936471171442e-01,-9.484634211652634428e-02,2.757648314937466982e-01,6.162933733004001269e-01,8.637393217981942373e-01,1.130920067242805471e+00
2.440838952925808436e-02,5.554236350762222808e-03,-1.117045593309679875e-02,-2.866040318993956504e-02,-5.628817138949529508e-02,-8.321795447390009648e-02,-1.091360097582142197e-01,-1.324143564881601620e-01,-1.525613630023092415e-01,-1.710071362761154401e-01,-1.864158696232851575e-01,-1.986976837098667903e-01,-2.068405977633999138e-01,-2.123001200711332748e-01,-2.165798339952662299e-01,-2.180706047392008684e-01,-2.180006772271337601e-01,-2.165294611647337886e-01,-2.147045275563331246e-01,-2.120124519039998656e-01,-2.096607811439989977e-01,-2.076067680373341051e-01,-2.056076179653323066e-01,-2.038142158806666993e-01,-2.025154802973331558e-01,-2.015661201273337422e-01,-2.010429929780001568e-01,-2.000774729480007397e-01,-1.988160817419997728e-01,-1.974399596940007162e-01,-1.957522565505331047e-01,-1.937397926300003237e-01,-1.910749193884667685e-01,-1.879633382159999477e-01,-1.851500618064674253e-01,-1.820189707325328698e-01,-1.787102920475345802e-01,-1.758108487345121929e-01,-1.750134859746784732e-01,-1.808876546074660308e-01,-2.000808967609536970e-01,-2.334597516768315839e-01,-2.197741520176566821e-01,-1.266496163616643873e-03,4.157366374264466757e-01,7.575921732821275789e-01,9.573935647005308303e-01,1.163085817823601209e+00
2.259129893575834158e-02,4.714356737427324341e-03,-1.137630590094004628e-02,-2.783551762986420652e-02,-5.447360739224958726e-02,-8.183418121562555103e-02,-1.084699485537937574e-01,-1.322053904165749472e-01,-1.525505917963633218e-01,-1.711241066006136124e-01,-1.886103790163672911e-01,-2.017634325672010565e-01,-2.107641321864000827e-01,-2.166403364036013912e-01,-2.212013730213340523e-01,-2.232729253395344393e-01,-2.233315576924657930e-01,-2.219015752422661969e-01,-2.202856274820004789e-01,-2.179825368119991946e-01,-2.157955927166669563e-01,-2.136968442333344875e-01,-2.115008328740007881e-01,-2.095430966640005055e-01,-2.078342050760002835e-01,-2.066701850813336960e-01,-2.062798212446676216e-01,-2.053808756473335384e-01,-2.042242619706663431e-01,-2.031160965480000302e-01,-2.017966140985326118e-01,-2.001653691682002689e-01,-1.978384399377331737e-01,-1.951386108096008487e-01,-1.927565884452663303e-01,-1.903139735218669637e-01,-1.881953859861324463e-01,-1.867937042066673270e-01,-1.875456642269587026e-01,-1.956033396216506071e-01,-2.176034556999261738e-01,-2.449895981584894467e-01,-1.951619196132065581e-01,9.249716200934372801e-02,5.349225324632528311e-01,8.581123367130558677e-01,1.033199304717636435e+00,1.191731792579507454e+00
1.994856363370906688e-02,3.481862639497180969e-03,-1.165628128114920212e-02,-2.794118448757032178e-02,-5.406051864335099238e-02,-8.181115368275458655e-02,-1.089999232435441140e-01,-1.331516614541650156e-01,-1.542090477297896334e-01,-1.727033500763232587e-01,-1.905287908229674199e-01,-2.043379099974663993e-01,-2.139976979480658625e-01,-2.201999570136661533e-01,-2.255314496241324351e-01,-2.281174133366674073e-01,-2.285581222358011588e-01,-2.276775307069993648e-01,-2.265176671446674506e-01,-2.245150075153345137e-01,-2.222513748426672708e-01,-2.199624203819991464e-01,-2.176162457953335905e-01,-2.154827590733332521e-01,-2.133268394333338869e-01,-2.113962816580010062e-01,-2.106992505486663669e-01,-2.097197993440004515e-01,-2.086393885239994916e-01,-2.077929171186664592e-01,-2.066915173360001912e-01,-2.054339877147330351e-01,-2.038650512815329552e-01,-2.015859898727335453e-01,-1.995501464325996066e-01,-1.973342989164674210e-01,-1.957868008793334780e-01,-1.951133184105324492e-01,-1.972328228877061884e-01,-2.071686050631228460e-01,-2.306115219905857106e-01,-2.430959713676456024e-01,-1.511022495508690666e-01,2.188529077987421967e-01,6.503786330934782089e-01,9.678523047577086702e-01,1.100085006362590878e+00,1.206610642861096316e+00
1.717193730814412997e-02,1.058598836056105210e-03,-1.233926772644206200e-02,-2.793335317571669571e-02,-5.335423559500786228e-02,-8.174948651396214683e-02,-1.094673672792936953e-01,-1.343733054928421822e-01,-1.548545857732629982e-01,-1.729399047711027981e-01,-1.914606310323931915e-01,-2.054957028625329085e-01,-2.156208452806677722e-01,-2.226062021854656736e-01,-2.283414500134667013e-01,-2.316218790193994848e-01,-2.326421030850013005e-01,-2.323387832309989909e-01,-2.315953989823341108e-01,-2.296549352246668729e-01,-2.273863502353343224e-01,-2.248430015293338691e-01,-2.222166346146672855e-01,-2.194244704820004777e-01,-2.167048462113329577e-01,-2.142378970299997354e-01,-2.134366012506656862e-01,-2.125185699213339163e-01,-2.115048563566668538e-01,-2.111496442280001162e-01,-2.105522911319999690e-01,-2.097823872866655670e-01,-2.087572011104658620e-01,-2.070008329047335061e-01,-2.056054100208669633e-01,-2.044133669521338015e-01,-2.037843640920674326e-01,-2.041389392109992096e-01,-2.080171612799437686e-01,-2.201711796479273731e-01,-2.413910760857418403e-01,-2.341831641857789470e-01,-8.487743080157526820e-02,3.418915409253163173e-01,7.709985536396102290e-01,1.033795806058997790e+00,1.145107434803559254e+00,1.233424291728708155e+00
1.411331455622935604e-02,-9.214693641535438634e-04,-1.513567072584643888e-02,-3.047263716394609315e-02,-5.588518142594821325e-02,-8.477952016910929312e-02,-1.125370997521755873e-01,-1.367579449956901894e-01,-1.565884750488422683e-01,-1.741549674755102084e-01,-1.930925089053801558e-01,-2.072648274849791250e-01,-2.176998354219340792e-01,-2.249012321363318967e-01,-2.307800450737325093e-01,-2.343585871597340942e-01,-2.357595042035330324e-01,-2.360451878500670064e-01,-2.357076914133326151e-01,-2.338238225506671375e-01,-2.317025220506668537e-01,-2.291897265179995147e-01,-2.262912493300007488e-01,-2.231379419713329093e-01,-2.197780110693326738e-01,-2.170462109840001763e-01,-2.158715550399995797e-01,-2.148358345413314829e-01,-2.141308255800004612e-01,-2.139368202579981226e-01,-2.137354206753337149e-01,-2.133790415348661429e-01,-2.127099159426668051e-01,-2.116060597334669391e-01,-2.104789034945998005e-01,-2.098545189161320768e-01,-2.102664082787995270e-01,-2.117120511528863269e-01,-2.176153944512278504e-01,-2.300271355342204394e-01,-2.478525093994128070e-01,-2.100372701628790417e-01,6.175154474706464648e-03,4.586854936047013998e-01,8.964964075529689991e-01,1.085025066270321581e+00,1.165122562805962492e+00,1.236892559205753805e+00
1.214524612549539896e-02,-3.022341662931262406e-03,-1.773699620386834028e-02,-3.302439598473166232e-02,-5.923224920087480361e-02,-8.805764542190799848e-02,-1.153684158169472757e-01,-1.388375002806565006e-01,-1.587838425038613221e-01,-1.759007037167466814e-01,-1.948458081705401745e-01,-2.091098263917992028e-01,-2.194712943713995057e-01,-2.266812716152005192e-01,-2.325637654522669517e-01,-2.365851137710665575e-01,-2.384251969066005505e-01,-2.389561605269339140e-01,-2.387611976520001844e-01,-2.371756934933338390e-01,-2.352166414946658679e-01,-2.327108581753340733e-01,-2.296463979013344814e-01,-2.261652934159988915e-01,-2.226370974200007624e-01,-2.198985946893335930e-01,-2.187501665813337548e-01,-2.177269238846669674e-01,-2.171142169019991408e-01,-2.170463488481335912e-01,-2.171731234113322973e-01,-2.171185506269343590e-01,-2.165343969100003430e-01,-2.157073346708663630e-01,-2.151733762225340463e-01,-2.148402025873330790e-01,-2.160909698631333642e-01,-2.188293189995909049e-01,-2.261173825952524641e-01,-2.392861695589207083e-01,-2.456389161453726711e-01,-1.744220985149182446e-01,9.028400486665696945e-02,5.537492928679467186e-01,9.415112009794617265e-01,1.116163648525655416e+00,1.169297444930921914e+00,1.248167225456666030e+00
7.193897243325367979e-03,-8.315574641553068538e-03,-2.320308863393967871e-02,-3.821300404911979337e-02,-6.444105453798219807e-02,-9.287922212442353831e-02,-1.195807273881301647e-01,-1.421416468527842147e-01,-1.615801165444653853e-01,-1.779211507430564498e-01,-1.963636339791134666e-01,-2.103384348307332230e-01,-2.204376976765336504e-01,-2.274456033946682942e-01,-2.335304479255318200e-01,-2.380380856704649994e-01,-2.407582184202663456e-01,-2.417427088716658512e-01,-2.417869239438004414e-01,-2.406594129173331431e-01,-2.388117520606667654e-01,-2.357745239420001304e-01,-2.321713632846677255e-01,-2.285246169799996507e-01,-2.246526466066667560e-01,-2.216634388893327368e-01,-2.204015314706666562e-01,-2.195954243899988223e-01,-2.191330805540014082e-01,-2.190415524900015398e-01,-2.191983026928676914e-01,-2.194523897813339119e-01,-2.189888745587341146e-01,-2.182535662296669343e-01,-2.180260032530677572e-01,-2.183457504269988303e-01,-2.201515207743324765e-01,-2.244701367778667855e-01,-2.329346443871838090e-01,-2.427776625423549439e-01,-2.317221087878964803e-01,-1.240699182982224064e-01,1.599054124122983311e-01,6.580031634610119529e-01,9.975355959115749238e-01,1.131874239033966445e+00,1.163426673272545786e+00,1.245755423767363368e+00
2.401844538153050101e-03,-1.372460531171846611e-02,-2.907929637686663613e-02,-4.414227625766076191e-02,-7.358336841367182912e-02,-1.023118298748452865e-01,-1.277965044692055963e-01,-1.495648251878188562e-01,-1.680187500027268410e-01,-1.836676755293469854e-01,-1.988678139093992547e-01,-2.113917350665341088e-01,-2.212397605956010482e-01,-2.280481376664675319e-01,-2.339255086384667559e-01,-2.386586155967331813e-01,-2.417932927490681339e-01,-2.429513781088671331e-01,-2.432136533243336729e-01,-2.422833010273319487e-01,-2.405439811773338044e-01,-2.375046709666649158e-01,-2.339486157673327515e-01,-2.300376035013330933e-01,-2.259329146880000028e-01,-2.227458766233322285e-01,-2.214086820342674178e-01,-2.207006632727340489e-01,-2.204127095453331797e-01,-2.205039087466667269e-01,-2.208957794006663478e-01,-2.215639370746682602e-01,-2.212905105586652210e-01,-2.206278203012662920e-01,-2.205384882179347583e-01,-2.214944750694012587e-01,-2.240459134598672131e-01,-2.288127049112146372e-01,-2.370379575819266948e-01,-2.466763327255054317e-01,-2.161892453255460644e-01,-6.810715246773760279e-02,2.587380048097956409e-01,7.482372810432157406e-01,1.051157193466193407e+00,1.145162876375444228e+00,1.160771806174331733e+00,1.240431067534772946e+00
-7.976732756519911869e-04,-1.727479121595210110e-02,-3.296565602217935848e-02,-4.838094915151921332e-02,-7.890401967721533127e-02,-1.077686983835742379e-01,-1.325321800208438539e-01,-1.534702438344369424e-01,-1.704622001883039917e-01,-1.859723230582732978e-01,-2.000641240887328642e-01,-2.121529803258004609e-01,-2.215147267776001183e-01,-2.282298487255995934e-01,-2.337502456361341130e-01,-2.384588551736670781e-01,-2.419309817234672477e-01,-2.431947248035336018e-01,-2.436896062159989718e-01,-2.431853662986671327e-01,-2.416371607553340906e-01,-2.387713849253332299e-01,-2.352884509199990870e-01,-2.314323440473324278e-01,-2.272317939486662997e-01,-2.239431409406665574e-01,-2.222337351326680033e-01,-2.210891036713316382e-01,-2.205360669273337126e-01,-2.204340578660003436e-01,-2.209585904259999678e-01,-2.218671516512670250e-01,-2.220098434632656881e-01,-2.217864875761981214e-01,-2.221385655994666530e-01,-2.238821594141320870e-01,-2.268471898468670256e-01,-2.319394812906603043e-01,-2.397211776805833194e-01,-2.416102661108642524e-01,-1.849274159019637931e-01,-4.241049080408778801e-03,3.453506479773359450e-01,8.334476674412928388e-01,1.089090760600548657e+00,1.146054653396518130e+00,1.134113746939108935e+00,1.247595621824640455e+00
-6.432749683156159005e-03,-2.291484095991210695e-02,-3.913467254013437008e-02,-5.455391490799503529e-02,-8.407536393911445305e-02,-1.122628094762370687e-01,-1.360807774681086213e-01,-1.558741442272394140e-01,-1.718802113665078568e-01,-1.872116943297474911e-01,-2.009036316154462765e-01,-2.121794639387997727e-01,-2.210385340414661448e-01,-2.276970408042006400e-01,-2.328390657912661754e-01,-2.378584752357333076e-01,-2.413412449889338895e-01,-2.426987998960009885e-01,-2.434180577685993718e-01,-2.430773061093338960e-01,-2.418336833080007575e-01,-2.388827423193341792e-01,-2.354493622220008298e-01,-2.312897547053322234e-01,-2.269645474986667633e-01,-2.235344045006673053e-01,-2.216523112035344301e-01,-2.203533444133342900e-01,-2.193078890423992289e-01,-2.192507258206679854e-01,-2.199438382503344225e-01,-2.208279383108663341e-01,-2.212523851971333610e-01,-2.214931073131318762e-01,-2.220741762721340218e-01,-2.246146573174540029e-01,-2.284538339952401076e-01,-2.342554163586129112e-01,-2.406820965793039502e-01,-2.301530393884576309e-01,-1.513062517748154368e-01,6.945723779295845390e-02,4.315174197440615478e-01,8.906805740407937044e-01,1.100088723625857856e+00,1.128448238374331059e+00,1.131212998552853177e+00,1.241419935502825478e+00
-8.733380386926378747e-03,-2.582062097530548120e-02,-4.303945997734331952e-02,-5.842479349750571288e-02,-8.764971335898900928e-02,-1.154101831993866872e-01,-1.388543657699774503e-01,-1.577883410310821910e-01,-1.739545245090664272e-01,-1.888932352882008170e-01,-2.019188115800006067e-01,-2.129914932494675894e-01,-2.217460871271995093e-01,-2.280634269253353774e-01,-2.331525805243996330e-01,-2.376526972419320538e-01,-2.408562350349325865e-01,-2.417897926237336792e-01,-2.422565559482013076e-01,-2.419855788981989941e-01,-2.407008397293336766e-01,-2.378778744973329973e-01,-2.346795732566676063e-01,-2.306287480593328110e-01,-2.263909543826651827e-01,-2.228806968535993471e-01,-2.210167424233330791e-01,-2.195446622258000746e-01,-2.184291303196001510e-01,-2.182659683084674784e-01,-2.187023236366000545e-01,-2.195770619623989839e-01,-2.202281600596658062e-01,-2.208193649371338885e-01,-2.217856475656207194e-01,-2.246583114325926833e-01,-2.295712104988194002e-01,-2.373895533262284085e-01,-2.428494265836894095e-01,-2.209857689146866311e-01,-1.022543572690802899e-01,1.275464076090047361e-01,5.158790151930835455e-01,9.262596386862562703e-01,1.096857543416766001e+00,1.111101672264255047e+00,1.098810894022040241e+00,1.235728965706770266e+00
-1.068143615361075681e-02,-2.826135001086819282e-02,-4.458120141608115650e-02,-6.003953805681894185e-02,-8.889332961502977026e-02,-1.170834691229284408e-01,-1.407925262824997747e-01,-1.598165779056010816e-01,-1.758363156525804827e-01,-1.900750750117988774e-01,-2.022908571461989602e-01,-2.126861813819323210e-01,-2.207715166420006481e-01,-2.266705881848005144e-01,-2.316414861378001400e-01,-2.362831771664008484e-01,-2.391643671166668317e-01,-2.400108723820669199e-01,-2.404583974718672301e-01,-2.403168746798659550e-01,-2.390503466366667162e-01,-2.359098986119990138e-01,-2.327223350293329274e-01,-2.289903218766670967e-01,-2.250375327939993786e-01,-2.216397354408011777e-01,-2.198191630341328473e-01,-2.182625190754680922e-01,-2.170233306767998249e-01,-2.165374684877327816e-01,-2.167962344153326060e-01,-2.177409136723992000e-01,-2.185729225062665315e-01,-2.196861353225336155e-01,-2.213092471030670416e-01,-2.249226625866792562e-01,-2.306895228175774581e-01,-2.399687201297307504e-01,-2.408599763241213443e-01,-2.020032696029250008e-01,-6.601557491024302726e-02,1.951539065194474176e-01,5.930400341256223395e-01,9.620736890335467306e-01,1.099264943199110389e+00,1.092885828159174899e+00,1.086350897375355951e+00,1.243449236660045365e+00
-1.163110682837798296e-02,-2.885590819837116974e-02,-4.508915835196813937e-02,-6.085924480624174682e-02,-8.949769388784988011e-02,-1.180859957400310217e-01,-1.418495969134833390e-01,-1.608704287321714721e-01,-1.765829633175934887e-01,-1.908072672692008032e-01,-2.023631391055984441e-01,-2.124312960695343699e-01,-2.199719960910659078e-01,-2.252624404924671586e-01,-2.299009905905341211e-01,-2.341318990263323296e-01,-2.365943064476000723e-01,-2.369469996102671894e-01,-2.372501426594663954e-01,-2.371816650077327171e-01,-2.358571362753329459e-01,-2.326080220066668036e-01,-2.293575871893343276e-01,-2.259726486046674809e-01,-2.220955896884005965e-01,-2.186367026834679372e-01,-2.167464246014666196e-01,-2.151138822168659204e-01,-2.139436324981998927e-01,-2.133488227814675509e-01,-2.134602025166006944e-01,-2.142099803017315229e-01,-2.149498555650660725e-01,-2.162130007352672523e-01,-2.184574066275332960e-01,-2.231886818089617031e-01,-2.298980696237213350e-01,-2.388930889308870653e-01,-2.305840291489625327e-01,-1.717950738227251306e-01,-3.136188204466301005e-02,2.561577345786476001e-01,6.628365019154592863e-01,1.008301740095137511e+00,1.092298509382616079e+00,1.077115088438498569e+00,1.071802685428325130e+00,1.248472011237446555e+00
-1.137249121362034557e-02,-2.891599250108673261e-02,-4.485717241235738506e-02,-6.069233729328394472e-02,-8.879525325174277006e-02,-1.171816126650067208e-01,-1.410855657292808263e-01,-1.601247421060688625e-01,-1.761733599396538286e-01,-1.903588907551339859e-01,-2.016724337454667837e-01,-2.113585479751335372e-01,-2.183553032020651985e-01,-2.233583028258678549e-01,-2.276523445201332208e-01,-2.314419372652671281e-01,-2.332534657916002507e-01,-2.332399508092674045e-01,-2.334397163601338032e-01,-2.329724596771321210e-01,-2.315380213727999681e-01,-2.281912508526004191e-01,-2.249693051538668720e-01,-2.219420277893336402e-01,-2.185784660609334518e-01,-2.152294321605322802e-01,-2.131180315693331773e-01,-2.116110659541342587e-01,-2.102686668214664711e-01,-2.095551503610005029e-01,-2.091680206399337549e-01,-2.095954709188001808e-01,-2.104732004610669061e-01,-2.120517522141329714e-01,-2.151480349454073515e-01,-2.210552045300263058e-01,-2.291308152843472279e-01,-2.376245289577103015e-01,-2.196115822060888123e-01,-1.460901968646324267e-01,9.383117882171684507e-03,3.271732293167294858e-01,7.130115445061536716e-01,1.024274923200857890e+00,1.081838391989509596e+00,1.075668695186817070e+00,1.064765862562720544e+00,1.266877517887681881e+00
-8.963660438353926105e-03,-2.626603875838547097e-02,-4.260818330259564385e-02,-5.909410730025219799e-02,-8.685193633803653390e-02,-1.155768232017026498e-01,-1.400858622297485867e-01,-1.596188389723058321e-01,-1.757676393919057056e-01,-1.894698707629449419e-01,-2.005739720363337031e-01,-2.099120913472662109e-01,-2.161880614758671659e-01,-2.206034884315997147e-01,-2.245499618731999769e-01,-2.277397366849332749e-01,-2.285726630925346003e-01,-2.282851654043344669e-01,-2.281986612992674135e-01,-2.277321279085338657e-01,-2.257337219092670211e-01,-2.224028361374664753e-01,-2.193299980326680332e-01,-2.167029169954003409e-01,-2.137723665334659018e-01,-2.105352139824673285e-01,-2.084733535757333223e-01,-2.071537430214662467e-01,-2.057964040209336598e-01,-2.051693296149341428e-01,-2.049502690784668901e-01,-2.051978055590000238e-01,-2.061603858841326853e-01,-2.077833106819335085e-01,-2.111158625143887413e-01,-2.178702886050707388e-01,-2.271915709544516659e-01,-2.307233552746280614e-01,-2.021068777973857034e-01,-1.228196531000288194e-01,5.156071428450119398e-02,3.794039203301687868e-01,7.637512443718355026e-01,1.025933675710084758e+00,1.077407464651701119e+00,1.067102008870324914e+00,1.068586882610752742e+00,1.273543350965169463e+00
-5.318508668703510536e-03,-2.224996463672918728e-02,-3.929567566105600374e-02,-5.608906300796388106e-02,-8.316446355698996207e-02,-1.120165415599638226e-01,-1.375335451540866116e-01,-1.575594225565970785e-01,-1.741218198087802205e-01,-1.877504834520008214e-01,-1.984750213688126763e-01,-2.074014646485991265e-01,-2.135991788568656902e-01,-2.177238838240655172e-01,-2.211681722192018751e-01,-2.234613408101999987e-01,-2.239619608950002283e-01,-2.233305091710670320e-01,-2.227256871133996841e-01,-2.219767453582002226e-01,-2.196623138921323382e-01,-2.160935788480656539e-01,-2.128557281345329621e-01,-2.101856274657999124e-01,-2.072348510759995932e-01,-2.042737663293985317e-01,-2.021875912919329499e-01,-2.011740669519997970e-01,-2.001095865852666744e-01,-1.994565172987326218e-01,-1.993192965109325254e-01,-1.995358088190669343e-01,-2.004793835473063779e-01,-2.026477277125601495e-01,-2.065604276078280288e-01,-2.144933085191316480e-01,-2.221846909722070829e-01,-2.213951399392431185e-01,-1.891128638139342455e-01,-9.222876069391156006e-02,9.757582907109910164e-02,4.470266029600035718e-01,7.910742830396706449e-01,1.038330622865724084e+00,1.072998833133274044e+00,1.059895725582649328e+00,1.057469585863325401e+00,1.273618966781596251e+00
-5.064720115238747350e-04,-1.807184549851077390e-02,-3.550096714706078849e-02,-5.253403957457412204e-02,-7.939114429850235855e-02,-1.086652153175242386e-01,-1.346398717239921661e-01,-1.553888211500085159e-01,-1.726798627047418933e-01,-1.864469823314284791e-01,-1.968474846058891059e-01,-2.055072374528667534e-01,-2.113984611577998385e-01,-2.145525888871990805e-01,-2.178733467200659191e-01,-2.190510640674003806e-01,-2.188183492071332781e-01,-2.179942714089997402e-01,-2.167705856177326862e-01,-2.155791699465328115e-01,-2.128212226549337227e-01,-2.092378110143335579e-01,-2.057469617224667868e-01,-2.028734980239340902e-01,-1.997516179534673531e-01,-1.968302352838996183e-01,-1.950416163140005765e-01,-1.940548042364655112e-01,-1.931312555834007183e-01,-1.927058858401332619e-01,-1.928623481916671989e-01,-1.931609416063330698e-01,-1.943790366963871474e-01,-1.970171004985673546e-01,-2.020863153955536617e-01,-2.107249185179315143e-01,-2.156231073620414329e-01,-2.105509700712513144e-01,-1.694784119344746598e-01,-6.702074224325298146e-02,1.431942153813795804e-01,4.736716046919511869e-01,8.158016670872584308e-01,1.045699649682883425e+00,1.070276562217087779e+00,1.050032537480843686e+00,1.047079052283414136e+00,1.283106696306164141e+00
2.280164332653138864e-03,-1.473414713559898295e-02,-3.172794520113421390e-02,-4.919324266143606378e-02,-7.575745263387408113e-02,-1.050663055420316405e-01,-1.314598007488781695e-01,-1.525314722525947797e-01,-1.701384206005270572e-01,-1.842779268747339327e-01,-1.950073099671459920e-01,-2.032644981169339504e-01,-2.087773267326660243e-01,-2.114584800863336667e-01,-2.140104263329331014e-01,-2.144589347995985995e-01,-2.131200523416670600e-01,-2.116097829482662673e-01,-2.097345024132665214e-01,-2.079052124146670011e-01,-2.046965896707331756e-01,-2.006958275144666293e-01,-1.968840657742669809e-01,-1.935462516557337753e-01,-1.903213364121342788e-01,-1.878780471857329215e-01,-1.862867843687592007e-01,-1.852991661129389789e-01,-1.845740430330858606e-01,-1.844594240348794989e-01,-1.851013742924588479e-01,-1.857145337237915139e-01,-1.869763875536081810e-01,-1.903612081303427961e-01,-1.965282404483731371e-01,-2.062782599693488150e-01,-2.083618170199806885e-01,-1.900807263929060187e-01,-1.419403726720431524e-01,-3.822406088388147216e-02,1.897574332705941336e-01,5.380945168084469987e-01,8.487535464237224714e-01,1.033350262828611088e+00,1.064527028761265592e+00,1.047363442609656747e+00,1.054491620824723475e+00,1.291935893757938603e+00
5.222267662111638141e-03,-1.163163222216781825e-02,-2.857418239692718562e-02,-4.610915402031035698e-02,-7.218256531056169156e-02,-1.012806622702943776e-01,-1.277369903951553198e-01,-1.494665545414469998e-01,-1.673263026127122799e-01,-1.818147674464274943e-01,-1.928675440630663596e-01,-2.005305427436004373e-01,-2.055646967283351056e-01,-2.071222320570659803e-01,-2.087229772129335914e-01,-2.080552009920678402e-01,-2.061603782589326583e-01,-2.038405196964736821e-01,-2.013496698896339032e-01,-1.989034451658435176e-01,-1.952028391447224176e-01,-1.912748761497527483e-01,-1.868144681247206895e-01,-1.833482053035073722e-01,-1.799285191768600911e-01,-1.776096934034128438e-01,-1.764661610809993286e-01,-1.757882871261339519e-01,-1.757458176328304256e-01,-1.761812138904941816e-01,-1.770668312041035197e-01,-1.779056114454875270e-01,-1.795537727742525513e-01,-1.835332115345295889e-01,-1.885911677110209961e-01,-1.973863032347996094e-01,-1.952348020244051852e-01,-1.679083731171947536e-01,-1.231271197019972452e-01,-1.567020875794890300e-02,2.531352860490582724e-01,5.682716199821234992e-01,8.668951328620658758e-01,1.028687450678569704e+00,1.067320004866466610e+00,1.060438700583664628e+00,1.071711963094579723e+00,1.310809760947727165e+00
9.993647260192873791e-03,-6.628404234178512586e-03,-2.337227529577161345e-02,-4.092204743781972798e-02,-6.645318348505883932e-02,-9.460041963261187070e-02,-1.220267926535172631e-01,-1.450441380941658032e-01,-1.639178410578969181e-01,-1.787717994596258464e-01,-1.891280995710032664e-01,-1.963115193941058489e-01,-2.006483841350059638e-01,-2.016959823579331235e-01,-2.024432077709198974e-01,-2.012882065196595904e-01,-1.989241717206556015e-01,-1.960675600724667011e-01,-1.927346788781726938e-01,-1.890981915931592150e-01,-1.848514467567285990e-01,-1.805509796324056004e-01,-1.755935796216893940e-01,-1.716722381425398736e-01,-1.683961748813602166e-01,-1.663447062063740378e-01,-1.659524132053239176e-01,-1.656120933283492802e-01,-1.665558871237161620e-01,-1.670208523674726053e-01,-1.681604276166432377e-01,-1.692130012534867889e-01,-1.715324648490399451e-01,-1.764184844991627532e-01,-1.807697608711444637e-01,-1.880343886046178803e-01,-1.803438879267958150e-01,-1.443146057014619565e-01,-9.438676445370841606e-02,2.565040165490867913e-02,2.844838423362211488e-01,5.995250359778483418e-01,8.727928269398608219e-01,1.021906324691886914e+00,1.069503598835480629e+00,1.067411392705301942e+00,1.076779504774698415e+00,1.323707721349884903e+00
1.428417052693251900e-02,-2.060759987351699213e-03,-1.875246912036380997e-02,-3.660755387238752434e-02,-6.158944650092255252e-02,-8.980105867497871486e-02,-1.176962120081548324e-01,-1.411686457547610407e-01,-1.613705339868879429e-01,-1.766571454637740068e-01,-1.868283279177421763e-01,-1.934875956324078883e-01,-1.969250216205340742e-01,-1.971267097795327827e-01,-1.969963760606655290e-01,-1.950449872517339145e-01,-1.919779447112856530e-01,-1.881902104977662415e-01,-1.839496109039851779e-01,-1.788545124981429368e-01,-1.736678944878135566e-01,-1.689314097196476516e-01,-1.640051498308049971e-01,-1.597479614195976283e-01,-1.567278322767407528e-01,-1.553704510645673165e-01,-1.558352760450567309e-01,-1.560992350106716609e-01,-1.571848894786485873e-01,-1.580608085810991104e-01,-1.592639086365710555e-01,-1.610437878759640729e-01,-1.641766438655905824e-01,-1.696227243493714232e-01,-1.747636805202351651e-01,-1.796742743029218214e-01,-1.666705637513910265e-01,-1.226153299663370194e-01,-6.012435356308363371e-02,7.027771394149266715e-02,3.221917352520355937e-01,6.230172391819721600e-01,8.634400789230771700e-01,1.015407824769717360e+00,1.074140294170625953e+00,1.060761699821207937e+00,1.067910186750955503e+00,1.318325728262840890e+00
1.757947516209009201e-02,1.076993045764591600e-03,-1.632808479486201614e-02,-3.402918216596935441e-02,-5.770882438938768760e-02,-8.541348520499857100e-02,-1.133432589150468323e-01,-1.370345583411224366e-01,-1.568474042143266078e-01,-1.725127385315532724e-01,-1.821142558150170843e-01,-1.889272020586340306e-01,-1.918414510295543551e-01,-1.916143481000347482e-01,-1.911096293050067729e-01,-1.886745056399327936e-01,-1.851073751221666008e-01,-1.798177259015518170e-01,-1.745779484631934109e-01,-1.680940465307976528e-01,-1.624352811293553467e-01,-1.570642829854242695e-01,-1.509902084006086720e-01,-1.467368978209234454e-01,-1.442371973907552174e-01,-1.432820874412723544e-01,-1.436304784484105368e-01,-1.440851781430196876e-01,-1.457696586631817004e-01,-1.470284268511990455e-01,-1.487550460997378310e-01,-1.511016459179622962e-01,-1.550748860698485387e-01,-1.621504877724978533e-01,-1.623429414144195726e-01,-1.616147205799602915e-01,-1.433107844604429304e-01,-9.969086353167817827e-02,-1.854692959202545316e-02,1.161178936791448235e-01,3.431487653015856121e-01,6.162353605017530933e-01,8.332737741611240256e-01,1.000800229299598110e+00,1.060408232445991139e+00,1.070164005343495983e+00,1.079491132942667742e+00,1.327718640884541612e+00
2.229857433172084333e-02,5.704285685632879375e-03,-1.156363754028776926e-02,-2.902338969382510861e-02,-5.209870631392363172e-02,-7.854657719363611346e-02,-1.056186439567817770e-01,-1.290756021939490905e-01,-1.492581898613449254e-01,-1.654149287064245744e-01,-1.756118341862228371e-01,-1.829582814333559349e-01,-1.853056063180325841e-01,-1.848074071371871852e-01,-1.837070910123930478e-01,-1.805633756209209240e-01,-1.764026616481741694e-01,-1.702516998357788969e-01,-1.640687428764149025e-01,-1.569161651660727075e-01,-1.505248944455587490e-01,-1.448263148176397175e-01,-1.381435404256118882e-01,-1.339036585556460934e-01,-1.318809290399171330e-01,-1.313622765108331814e-01,-1.320715352468570802e-01,-1.327795064002643133e-01,-1.341812921627840438e-01,-1.356160255455182984e-01,-1.380911725205970775e-01,-1.409389241526581293e-01,-1.466187131843619262e-01,-1.490500328433599642e-01,-1.447004418603443643e-01,-1.421450342812449752e-01,-1.167090763605712483e-01,-6.413895340537141554e-02,2.322639179114225835e-02,1.605248113011763234e-01,3.720650300412724487e-01,6.174152920136712908e-01,8.066725157244180044e-01,9.774876105319887376e-01,1.063105937361286335e+00,1.073208751897298141e+00,1.078975669659020475e+00,1.322130075082084799e+00
3.063168461220632313e-02,1.504731346267255965e-02,-1.967520132351742793e-03,-1.987708383040353438e-02,-4.033616586511189900e-02,-6.402729875656801295e-02,-8.976288172700269685e-02,-1.129027971847817585e-01,-1.321073789314580471e-01,-1.492610857564017623e-01,-1.625566629979031119e-01,-1.725836840562795238e-01,-1.766654637567856567e-01,-1.762789433877264278e-01,-1.752281305727878269e-01,-1.718085172214877387e-01,-1.664782373984215469e-01,-1.597438903950471611e-01,-1.534372237895986202e-01,-1.467264610117922363e-01,-1.398470464095913912e-01,-1.337619092297152035e-01,-1.276218597449339520e-01,-1.231669697870870217e-01,-1.214440068265500855e-01,-1.212183974125146807e-01,-1.220839777547541027e-01,-1.233147920534337638e-01,-1.232880813482248455e-01,-1.237340783253050303e-01,-1.264335029886976269e-01,-1.302234672997880094e-01,-1.337638365040631772e-01,-1.318858267256533268e-01,-1.280166018549050155e-01,-1.188565697260901000e-01,-8.904283774555145359e-02,-2.891345129946706199e-02,5.732638364426272809e-02,1.907690928585101253e-01,3.930655661836829906e-01,6.092351590928587468e-01,7.880614837181819654e-01,9.629587956075361665e-01,1.051604525782819932e+00,1.075768420742418741e+00,1.084559210686705022e+00,1.317191775472443371e+00
3.996163608214048368e-02,2.765618515206530459e-02,1.218289973454236320e-02,-3.455755604665038550e-03,-1.962551546085814294e-02,-3.881952871940374389e-02,-5.931336186243824776e-02,-7.873550824046558760e-02,-9.765549927589774193e-02,-1.144828188476502417e-01,-1.307010701734677149e-01,-1.459902178450410148e-01,-1.576309140452878677e-01,-1.595235232554482185e-01,-1.615046819226471642e-01,-1.601007703020823070e-01,-1.561980695168142252e-01,-1.501604019113323141e-01,-1.430457608422046889e-01,-1.365021972551453688e-01,-1.288930692091883601e-01,-1.231062001289747604e-01,-1.178865226620460643e-01,-1.141153327764472813e-01,-1.127152989854574849e-01,-1.118934374443335822e-01,-1.143872728206376255e-01,-1.154749005758761993e-01,-1.149806509190964693e-01,-1.139765117041336984e-01,-1.167944505705270086e-01,-1.194263203729530043e-01,-1.189593869063874376e-01,-1.164196680836693115e-01,-1.116643575638668895e-01,-9.377752879592100854e-02,-6.203779178002436639e-02,-4.988221648127247766e-04,8.441837470157814716e-02,1.990295893641990665e-01,3.926617370329522627e-01,6.035558740082492823e-01,7.741626419537661619e-01,9.308262978562823475e-01,1.029488906721699015e+00,1.064583488655012733e+00,1.079922202382594509e+00,1.299734255105859493e+00
5.240402933093757376e-02,4.239311701753615408e-02,3.090895971616497775e-02,1.988553161883153259e-02,8.373286183175522243e-03,-5.132772819666677269e-03,-2.002320783741546456e-02,-3.449949263635945784e-02,-4.924762041501993398e-02,-6.493090260234121724e-02,-7.945809580868774813e-02,-9.490514649071664366e-02,-1.078339635174953848e-01,-1.170021919575103125e-01,-1.251600069918390734e-01,-1.281841290581539061e-01,-1.290783958496497796e-01,-1.259926727383360590e-01,-1.222958623429611646e-01,-1.195045112866603837e-01,-1.148492884076638132e-01,-1.112107205641798269e-01,-1.075926747440222181e-01,-1.052590217488976604e-01,-1.054312746992868838e-01,-1.025802622167568123e-01,-1.048358762998581606e-01,-1.064326929103108638e-01,-1.057170848109853512e-01,-1.044563602783749184e-01,-1.056471246128510150e-01,-1.085338462069962706e-01,-1.064160557299801413e-01,-1.020901058698754499e-01,-9.474029717294356334e-02,-6.894986365013167084e-02,-3.845692232454047538e-02,2.488974388624096840e-02,9.730749906147284634e-02,2.124401412280051138e-01,3.876130501088467795e-01,5.842642195644390801e-01,7.433770988062975427e-01,8.926268772410184127e-01,9.998208397217961396e-01,1.047210692457763548e+00,1.073980873085670806e+00,1.287637241412387556e+00
5.598789288638959805e-02,5.020833380637994281e-02,4.101920268374697337e-02,3.168480760659814904e-02,2.484123941012367914e-02,1.690988721121046423e-02,8.620105021064207104e-03,1.485333253304047798e-03,-8.796156055773716662e-03,-1.877176637674079010e-02,-2.811584346648213564e-02,-3.781691510048013766e-02,-4.711446457745382260e-02,-5.621197711205789399e-02,-6.615801927750378231e-02,-7.043303809740097954e-02,-7.517747805974694941e-02,-7.646299770111585070e-02,-8.020651601053858937e-02,-8.225077592366290824e-02,-8.391732564581862175e-02,-8.271687391408495682e-02,-8.370798975402282682e-02,-8.479373170295144424e-02,-8.623665237006548911e-02,-8.404142733602440463e-02,-8.642656576518052691e-02,-8.952534285758778632e-02,-9.070187894100389947e-02,-8.858427614097941216e-02,-9.070685820121300591e-02,-9.599054307098175975e-02,-9.235742405800508037e-02,-8.666889707080981109e-02,-7.916981069166428853e-02,-5.098276061474200233e-02,-1.798481751488112401e-02,2.876379000120715679e-02,8.876465535977555443e-02,1.940698435195000737e-01,3.408641366052403976e-01,5.193375345728036274e-01,6.724371969807875216e-01,8.126641053656571412e-01,9.285147286325161620e-01,9.896868700959425835e-01,1.020577325589231643e+00,1.215554592012375812e+00
5.456112039609364861e-02,5.483990729742308640e-02,4.913876418211721858e-02,4.137035548245988209e-02,3.630548120170836585e-02,2.846970190416274124e-02,2.014855551578209961e-02,1.551797332628662533e-02,1.015195412238594115e-02,4.561826847936717964e-03,-2.705426540843772903e-03,-1.007981717254791652e-02,-1.680409671338778735e-02,-2.337064921878235016e-02,-3.037713115954277995e-02,-3.351435292642790387e-02,-3.677267125475074810e-02,-3.796211854341700193e-02,-4.141589762986459117e-02,-4.771799599017790411e-02,-5.056969280351348434e-02,-5.101451630830296236e-02,-5.367380354340856030e-02,-5.591942141202473765e-02,-5.740665076983261783e-02,-5.823264352291779994e-02,-5.932969541386609591e-02,-6.345025503978388159e-02,-6.630604322026720232e-02,-6.557960215605995735e-02,-6.927062436201673890e-02,-7.458008797863459327e-02,-7.415659888532862010e-02,-6.784476413450078736e-02,-6.042290042966386859e-02,-3.413742021641707342e-02,-6.134118843604178086e-04,3.591504997063468124e-02,7.713254370815712802e-02,1.654570700114747217e-01,2.708277380622151065e-01,4.133224513277798939e-01,5.569436572359477422e-01,6.802059505298214681e-01,8.035611758037276564e-01,8.839918483569267904e-01,9.147671334312137414e-01,1.074192002550362623e+00
4.012402228124814507e-02,6.305658234723504618e-02,6.110896115681199031e-02,5.502053192258970354e-02,5.033235760317056329e-02,4.252936508596088377e-02,3.631158327272593356e-02,3.238863012248771600e-02,2.692409205120675081e-02,2.343362447195317458e-02,1.546810899308157482e-02,1.110133881580316166e-02,5.661218933924521898e-03,4.561845469892013239e-04,-3.342567759668392275e-03,-6.145123619401512451e-03,-1.028397976316436195e-02,-1.302714986857379971e-02,-2.078480075532151278e-02,-2.672106969724742306e-02,-3.184795104877785610e-02,-3.179029711879010484e-02,-3.309181520674139843e-02,-3.635679954895309346e-02,-3.796741743290505539e-02,-3.824070560984007411e-02,-3.723921311542103402e-02,-4.236739672740216789e-02,-4.420713718707006135e-02,-4.468506645793916127e-02,-4.862396871200947573e-02,-5.445187087528927106e-02,-5.805132751259961532e-02,-5.300953370614448767e-02,-4.727502626375806871e-02,-3.041831904286000643e-02,-3.017451766643102287e-03,2.909359640188158638e-02,5.111922453261336791e-02,1.128440273641495156e-01,2.071674147774726915e-01,3.072717992098707440e-01,4.132785825159264181e-01,5.142597163401145810e-01,6.191493561856481476e-01,6.732585007683996592e-01,6.835721677024345633e-01,7.965856551582214395e-01
3.979216079421218910e-02,4.900337161142907100e-02,5.071621626221382850e-02,4.478957086896978579e-02,3.761912945543208209e-02,3.004392151130717489e-02,2.367409537061899993e-02,2.043309789382134409e-02,1.661762863871499296e-02,1.406318708861713403e-02,8.907734054076020189e-03,5.844267804322475154e-03,1.422766110483766888e-03,-1.578723439551548129e-03,-2.236044054509667579e-03,-4.460552401591944167e-03,-7.983379776192357433e-03,-1.049539706722336582e-02,-1.741221077161566808e-02,-2.222720373850468195e-02,-2.799999934048728184e-02,-2.690077015302023283e-02,-2.782654999665511511e-02,-3.348069784617238587e-02,-3.498507322287228161e-02,-3.459626203127042637e-02,-3.232304405077171539e-02,-3.531829532227893226e-02,-3.775500643169700521e-02,-3.823645327385209042e-02,-4.023101453256588272e-02,-4.324285291798828784e-02,-4.728583743404513040e-02,-3.718152270068936921e-02,-1.981811625591724940e-02,1.200230532117546904e-03,3.808794528978065586e-02,7.368918317971162590e-02,1.089174742299107851e-01,1.740518548474673521e-01,2.478218374574628347e-01,3.390690113385655402e-01,4.350631986278939989e-01,5.391936597421405075e-01,6.132488336983016319e-01,6.630221267453805245e-01,6.692846381598461791e-01,8.136503999289989020e-01
